id,start,destination,blind_paths,blind_input_tokens,blind_output_tokens,link_aware_paths,link_aware_input_tokens,link_aware_output_tokens,external_info_paths,external_info_input_tokens,external_info_output_tokens,tot_paths,tot_input_tokens,tot_output_tokens
Brain_Telephone_0,Brain,Telephone,"[""Brain"", ""Neuron"", ""Action potential"", ""Electrical signal"", ""Telegraph"", ""Telephone""]",298,964,"[""Brain"", ""Computer_science"", ""Internet"", ""Information"", ""Communication"", ""Telephone""]",2464,1727,"[""Brain"", ""Action_potential"", ""Volt"", ""Automobile"", ""United_Kingdom"", ""Television"", ""Telecommunication"", ""Telephone""]",10469,2740,"[""Brain"", ""Algorithm"", ""Computer"", ""Telephone""]",4973,3176
Theatre_Zebra_0,Theatre,Zebra,"[""Theatre"", ""Ancient Greek theatre"", ""Greek mythology"", ""Pegasus (mythology)"", ""Horse"", ""Zebra""]",300,802,,0,0,"[""Theatre"", ""France"", ""Kenya"", ""Lion"", ""Zebra""]",6872,1593,,0,0
Asteroid_Viking_0,Asteroid,Viking,"[""Asteroid"", ""Spacecraft"", ""Viking (spacecraft)""]",300,1558,"[""Asteroid"", ""Mars"", ""Mars_Exploration_Rover"", ""Astronomy"", ""Archaeoastronomy"", ""Mythology"", ""Norse_mythology"", ""Norway"", ""Viking""]",4555,2906,"[""Asteroid"", ""Earth"", ""Norse_mythology""]",7480,2291,"[""Asteroid"", ""Mars"", ""Phoenix_(spacecraft)"", ""Exploration_of_Mars"", ""United_States"", ""Iceland"", ""Viking""]",17543,11061
Batman_Wood_0,Batman,Wood,"[""Batman"", ""DC Comics"", ""Comic book"", ""Paper"", ""Wood""]",298,371,,0,0,"[""Batman"", ""Chemistry"", ""Metal"", ""Carbon"", ""Carbon_dioxide"", ""Plant"", ""Tree"", ""Wood""]",10646,2402,,0,0
Beer_Sun_0,Beer,Sun,"[""Beer"", ""Alcoholic beverage"", ""Alcohol"", ""Energy"", ""Sun""]",298,542,"[""Beer"", ""Barley"", ""Plant"", ""Sunlight"", ""Electromagnetic_radiation"", ""Photon"", ""Ultraviolet"", ""Sun""]",3807,1971,"[""Beer"", ""Carbon_dioxide"", ""Photosynthesis"", ""Heat"", ""Sun""]",6370,1951,,0,0
Batman_Banana_0,Batman,Banana,"[""Batman"", ""Bat (animal)"", ""Fruit bat"", ""Fruit"", ""Banana""]",299,398,"[""Batman"", ""Chemistry"", ""Biology"", ""Plant"", ""Arecaceae"", ""Fruit"", ""Banana""]",3343,1900,"[""Batman"", ""Crime"", ""Culture"", ""Malawi"", ""Agriculture"", ""Fruit"", ""Banana""]",9184,2723,"[""Batman"", ""Scotland"", ""Agriculture"", ""Fruit"", ""Banana""]",15365,7021
Cat_Computer_0,Cat,Computer,"[""Cat"", ""Mouse"", ""Computer mouse"", ""Computer""]",298,264,"[""Cat"", ""Evolution"", ""Computer""]",1243,680,"[""Cat"", ""Sound"", ""Music"", ""Language"", ""Computer_science"", ""Computer_programming"", ""Microsoft"", ""Computer""]",8794,2098,"[""Cat"", ""Evolution"", ""Computer""]",1751,1242
Cat_Microsoft_0,Cat,Microsoft,"[""Cat"", ""Unix"", ""Microsoft Windows"", ""Microsoft""]",298,726,,0,0,"[""Cat"", ""Eye"", ""Light"", ""Sound"", ""Music"", ""Language"", ""Computer_science"", ""Internet"", ""Microsoft""]",11555,3480,"[""Cat"", ""Evolution"", ""Computer"", ""Microsoft_Windows"", ""Microsoft""]",10365,5518
Dog_Telephone_0,Dog,Telephone,"[""Dog"", ""Human"", ""Telephone""]",298,504,"[""Dog"", ""Postage_stamp"", ""United_States"", ""Electronics"", ""Telephone""]",3405,1605,"[""Dog"", ""Postage_stamp"", ""United_States"", ""Television"", ""Telecommunication"", ""Internet"", ""Information"", ""Communication"", ""Telephone""]",13347,3426,"[""Dog"", ""Animal"", ""Human"", ""Communication"", ""Telephone""]",10591,5778
Dog_Venus_0,Dog,Venus,"[""Dog"", ""Sirius (dog star)"", ""Astronomy"", ""Planet"", ""Venus""]",299,390,"[""Dog"", ""North_America"", ""Earth"", ""Solar_System"", ""Venus""]",2874,1755,,0,0,"[""Dog"", ""Chocolate"", ""Maya_civilization"", ""Maya_mythology"", ""Venus""]",9144,5149
Aluminium_chloride_Parrot_0,Aluminium_chloride,Parrot,"[""Aluminium_chloride"", ""Aluminium"", ""Aluminium_foil"", ""Cooking"", ""Food"", ""Bird"", ""Parrot""]",303,712,"[""Aluminium_chloride"", ""Electricity""]",5044,4788,,0,0,"[""Aluminium_chloride"", ""Salt"", ""Color"", ""Bird"", ""Parrot""]",11645,6675
Batman_Bible_0,Batman,Bible,"[""Batman"", ""DC Universe"", ""Fictional universe"", ""Mythology"", ""Religion"", ""Bible""]",298,469,"[""Batman"", ""Crime"", ""Religion"", ""Bible""]",1480,1052,"[""Batman"", ""Crime"", ""Religion"", ""Bible""]",3923,1186,"[""Batman"", ""Crime"", ""Religion"", ""Bible""]",5806,2469
England_God_0,England,God,"[""England"", ""United Kingdom"", ""Christianity"", ""God""]",298,215,"[""England"", ""Anglicanism"", ""Jesus"", ""Trinity"", ""Christianity"", ""Bible"", ""God""]",4297,1432,"[""England"", ""Islam"", ""God""]",4167,915,"[""England"", ""Anglicanism"", ""God""]",3805,1365
Art_Mango_0,Art,Mango,"[""Art"", ""Color"", ""Yellow"", ""Mango""]",299,369,,0,0,"[""Art"", ""Sultan""]",11596,2694,,0,0
14th_century_Rainbow_0,14th_century,Rainbow,"[""14th_century"", ""Art"", ""Color"", ""Rainbow""]",301,383,"[""14th_century"", ""Renaissance""]",5880,3021,"[""14th_century"", ""Renaissance""]",8118,3037,,0,0
Electricity_God_0,Electricity,God,"[""Electricity"", ""Energy"", ""Physics"", ""Metaphysics"", ""God""]",299,552,"[""Electricity"", ""Thunderstorm"", ""United_States"", ""Islam"", ""Allah"", ""God""]",4170,1810,"[""Electricity"", ""Mesopotamia"", ""God""]",3316,892,"[""Electricity"", ""Thunderstorm"", ""Earth's_atmosphere"", ""Earth"", ""Deity"", ""God""]",22550,10548
Archbishop_of_Canterbury_Vietnam_0,Archbishop_of_Canterbury,Vietnam,"[""Archbishop_of_Canterbury"", ""United_Kingdom"", ""Foreign_relations_of_the_United_Kingdom"", ""Vietnam""]",303,750,"[""Archbishop_of_Canterbury"", ""Roman_Catholic_Church"", ""Asia"", ""China"", ""Vietnam""]",3031,1576,"[""Archbishop_of_Canterbury"", ""Rome"", ""Japan"", ""China"", ""Mekong"", ""Vietnam""]",8699,2043,"[""Archbishop_of_Canterbury"", ""Rome"", ""World_War_II"", ""Vietnam""]",7050,3224
Batman_Vitamin_D_0,Batman,Vitamin_D,"[""Batman"", ""Bruce Wayne"", ""Philanthropy"", ""Health care"", ""Vitamin"", ""Vitamin D""]",299,644,,0,0,,0,0,"[""Batman"", ""Superman"", ""Sun"", ""Vitamin_D""]",4004,2503
China_Moon_0,China,Moon,"[""China"", ""Space program of China"", ""Chinese lunar exploration program"", ""Moon""]",298,384,,0,0,"[""China"", ""Human"", ""Space_exploration"", ""Apollo_11"", ""Moon""]",6965,1713,"[""China"", ""United_States"", ""Moon""]",3701,1085
Achilles_tendon_Ivory_0,Achilles_tendon,Ivory,"[""Achilles_tendon"", ""Collagen"", ""Dentin"", ""Tusk"", ""Elephant"", ""Ivory""]",302,1018,,0,0,"[""Achilles_tendon"", ""Achilles"", ""Ethiopia""]",12441,3207,"[""Achilles_tendon"", ""Achilles"", ""Alexander_the_Great"", ""Ancient_Greece"", ""Jewellery"", ""Ivory""]",22622,11838
Pyramid_Bean_0,Pyramid,Bean,"[""Pyramid"", ""Egypt"", ""Egyptian cuisine"", ""Bean""]",299,500,"[""Pyramid"", ""Mexico"", ""Agriculture"", ""Soybean"", ""Seed"", ""Bean""]",2806,1566,"[""Pyramid"", ""Sun"", ""Photosynthesis""]",15792,4461,"[""Pyramid"", ""Mexico"", ""Agriculture"", ""Pea"", ""Bean""]",9812,5645
Aircraft_Google_0,Aircraft,Google,"[""Aircraft"", ""NASA"", ""Computer"", ""Search engine"", ""Google""]",298,523,,0,0,"[""Aircraft"", ""Russia"", ""Mass_media"", ""World_Wide_Web"", ""Google""]",6559,1966,"[""Aircraft"", ""Helium"", ""United_States"", ""Advertising"", ""Google""]",18533,9926
Computer_Fruit_0,Computer,Fruit,"[""Computer"", ""Apple Inc."", ""Apple (fruit)"", ""Fruit""]",298,515,"[""Computer"", ""Python_(programming_language)"", ""Macintosh"", ""ITunes"", ""Japan"", ""Agriculture"", ""Fruit""]",3386,2613,"[""Computer"", ""Television"", ""Color"", ""Fruit""]",4588,1544,"[""Computer"", ""Computer_and_video_games"", ""Nintendo"", ""Brazil"", ""Agriculture"", ""Fruit""]",11627,5894
Batman_Penguin_0,Batman,Penguin,"[""Batman"", ""List of Batman enemies"", ""Penguin""]",299,424,,0,0,"[""Batman"", ""Crime""]",12683,3654,"[""Batman"", ""Superman"", ""Human"", ""Antarctica"", ""Penguin""]",14181,7928
Calculus_Lemon_0,Calculus,Lemon,"[""Calculus"", ""Mathematics"", ""Science"", ""Biology"", ""Plant"", ""Fruit"", ""Lemon""]",300,635,"[""Calculus"", ""Economics"", ""Biodiversity"", ""Agriculture"", ""Fruit"", ""Citrus"", ""Lemon""]",3208,1845,"[""Calculus"", ""Science"", ""Chemistry"", ""Gold"", ""Silver"", ""Color"", ""Fruit"", ""Citrus"", ""Lemon""]",12867,3531,"[""Calculus"", ""Biology"", ""Plant"", ""Fruit"", ""Citrus"", ""Lemon""]",10949,5686
George_W._Bush_Monkey_0,George_W._Bush,Monkey,"[""George_W._Bush"", ""Bush_(surname)"", ""Vannevar_Bush"", ""Science"", ""Biology"", ""Primates"", ""Monkey""]",301,1900,"[""George_W._Bush"", ""Religion"", ""Evolution""]",4977,3107,"[""George_W._Bush"", ""Religion""]",11687,2473,"[""George_W._Bush"", ""AIDS"", ""Africa"", ""Rainforest"", ""Monkey""]",12476,6209
Batman_Coconut_crab_0,Batman,Coconut_crab,"[""Batman"", ""Bat"", ""Fruit bat"", ""Coconut"", ""Coconut_crab""]",301,1057,"[""Batman"", ""Scotland"", ""Atlantic_Ocean"", ""Indian_Ocean""]",6409,3782,"[""Batman"", ""Spring_Heeled_Jack"", ""Nature"", ""Animal"", ""Scientific_classification"", ""Arthropod"", ""Coconut_crab""]",8089,2849,,0,0
Batman_Peanut_0,Batman,Peanut,"[""Batman"", ""Batman (TV series)"", ""1966"", ""1966 in comics"", ""Peanuts"", ""Peanut""]",299,2108,"[""Batman"", ""Chemistry"", ""Biology""]",4970,2616,"[""Batman"", ""Superman"", ""Human"", ""Animal"", ""Plant"", ""Soybean"", ""Peanut""]",9271,2838,"[""Batman"", ""Chemistry"", ""Organism"", ""Food"", ""Peanut""]",16939,9192
Cat_University_0,Cat,University,"[""Cat"", ""Animal behavior"", ""Learning"", ""Education"", ""University""]",298,490,"[""Cat"", ""Scientific_classification"", ""Charles_Darwin"", ""University_of_Cambridge""]",3472,1692,,0,0,"[""Cat"", ""Evolution"", ""Science"", ""University""]",6810,4437
God_Apple_0,God,Apple,"[""God"", ""Christianity"", ""Garden of Eden"", ""Forbidden fruit"", ""Apple""]",298,559,"[""God"", ""Nature"", ""Plant"", ""Agriculture"", ""Fruit"", ""Apple""]",3025,1517,"[""God"", ""United_States"", ""California"", ""Fruit"", ""Apple""]",7858,1205,"[""God"", ""United_States"", ""California"", ""Fruit"", ""Apple""]",10783,6920
Canada_Pony_0,Canada,Pony,"[""Canada"", ""Horse"", ""Pony""]",299,409,"[""Canada"", ""North_America"", ""United_States""]",8682,4066,"[""Canada"", ""Beaver"", ""Chordate"", ""Animal"", ""Vertebrate"", ""Human"", ""Mammal"", ""Horse"", ""Pony""]",12299,3346,"[""Canada"", ""Viking"", ""Shetland"", ""Agriculture"", ""Horse"", ""Pony""]",16998,9553
AIDS_Tour_de_France_0,AIDS,Tour_de_France,"[""AIDS"", ""Human immunodeficiency virus"", ""Blood"", ""Blood doping"", ""Doping in sport"", ""Tour de France""]",302,714,"[""AIDS"", ""France"", ""Paris"", ""Tour_de_France""]",2224,1283,"[""AIDS"", ""Belgium"", ""France"", ""Paris"", ""Tour_de_France""]",7172,1863,"[""AIDS"", ""France"", ""Paris"", ""Tour_de_France""]",5599,2129
Cereal_Kurt_Cobain_0,Cereal,Kurt_Cobain,"[""Cereal"", ""Popular culture"", ""Music"", ""Grunge"", ""Nirvana (band)"", ""Kurt Cobain""]",303,491,"[""Cereal"", ""United_Kingdom"", ""The_Rolling_Stones"", ""Guitar""]",4231,2838,"[""Cereal"", ""United_States"", ""Seattle,_Washington"", ""Nirvana_(band)"", ""Kurt_Cobain""]",7651,1732,"[""Cereal"", ""United_States"", ""Seattle,_Washington"", ""Nirvana_(band)"", ""Kurt_Cobain""]",18512,8937
Christianity_Natalie_Portman_0,Christianity,Natalie_Portman,"[""Christianity"", ""Western culture"", ""Hollywood"", ""Actress"", ""Natalie Portman""]",302,397,"[""Christianity"", ""Judaism"", ""Israel"", ""Jew"", ""Zionism"", ""Jerusalem"", ""Natalie_Portman""]",4519,1906,"[""Christianity"", ""Jew"", ""Israel"", ""Jerusalem"", ""Natalie_Portman""]",7476,1820,"[""Christianity"", ""Hebrew_language"", ""Judaism"", ""Jerusalem"", ""Natalie_Portman""]",12250,5424
Colombia_Menthol_0,Colombia,Menthol,"[""Colombia"", ""Flora of Colombia"", ""Lamiaceae"", ""Mentha"", ""Menthol""]",300,728,,0,0,,0,0,"[""Colombia"", ""United_States""]",90405,67587
Napoleonic_Wars_Superman_0,Napoleonic_Wars,Superman,"[""Napoleonic_Wars"", ""Napoleon"", ""Napoleon_in_popular_culture"", ""Popular_culture"", ""Superhero"", ""Superman""]",303,849,"[""Napoleonic_Wars"", ""United_States""]",6943,4241,"[""Napoleonic_Wars"", ""United_States"", ""Film"", ""Actor"", ""The_Simpsons"", ""Popular_culture"", ""Comics"", ""Superman""]",12020,3045,"[""Napoleonic_Wars"", ""Industrial_Revolution"", ""Culture"", ""Popular_culture"", ""Comics"", ""Superman""]",19390,10771
Batman_Wikisource_0,Batman,Wikisource,"[""Batman"", ""Wikisource""]",300,644,"[""Batman"", ""Superman""]",4157,2663,,0,0,"[""Batman"", ""Crime"", ""Federal_Bureau_of_Investigation"", ""Library"", ""Library_of_Congress"", ""Literature"", ""Publishing"", ""Wikipedia"", ""Wikimedia_Foundation"", ""Wikisource""]",151447,88708
Christianity_Coconut_crab_0,Christianity,Coconut_crab,"[""Christianity"", ""Creationism"", ""Evolution"", ""Biology"", ""Zoology"", ""Crustacean"", ""Decapod"", ""Coconut_crab""]",302,655,,0,0,"[""Christianity"", ""Oceania""]",14577,4753,,0,0
David_Beckham_Frog_0,David_Beckham,Frog,"[""David Beckham"", ""England national football team"", ""England"", ""Wildlife of England"", ""Amphibian"", ""Frog""]",303,759,"[""David_Beckham"", ""France""]",5094,3440,,0,0,"[""David_Beckham"", ""Australia"", ""Biodiversity"", ""Evolution"", ""Vertebrate"", ""Animal"", ""Australian_Green_Tree_Frog"", ""Frog""]",29603,18490
Geometry_Volleyball_0,Geometry,Volleyball,"[""Geometry"", ""Ancient Greece"", ""Olympic Games"", ""Volleyball""]",299,984,"[""Geometry"", ""Physics"", ""Force"", ""Mechanical_work"", ""Energy"", ""Motion_(physics)"", ""19th_century"", ""20th_century"", ""Sport"", ""Olympic_Games"", ""Volleyball""]",6747,3788,,0,0,"[""Geometry"", ""Physics"", ""Momentum"", ""Albert_Einstein"", ""Brazil"", ""Volleyball""]",22248,10558
Brain_Telephone_1,Brain,Telephone,"[""Brain"", ""Nervous system"", ""Neuron"", ""Action potential"", ""Electricity"", ""Telegraph"", ""Telephone""]",298,1258,"[""Brain"", ""Action_potential"", ""Electrical_resistance"", ""Semiconductor"", ""Integrated_circuit"", ""Communication"", ""Telephone""]",2807,1960,"[""Brain"", ""Action_potential"", ""Cell_(biology)"", ""Energy"", ""Communication"", ""Telephone""]",7192,2425,"[""Brain"", ""Cell_(biology)"", ""Energy"", ""Communication"", ""Telephone""]",11585,6604
Theatre_Zebra_1,Theatre,Zebra,"[""Theatre"", ""Circus"", ""Animal"", ""Zebra""]",300,660,,0,0,,0,0,"[""Theatre"", ""Brazil"", ""Angola"", ""Namibia"", ""Southern_Africa"", ""Blue_Wildebeest"", ""Mammal"", ""Zebra""]",64530,28568
Asteroid_Viking_1,Asteroid,Viking,"[""Asteroid"", ""Space"", ""NASA"", ""Viking program"", ""Viking""]",300,1037,"[""Asteroid"", ""Mars"", ""Mars_Reconnaissance_Orbiter"", ""Mars_Exploration_Rover"", ""Geology"", ""Plate_tectonics"", ""Iceland"", ""Viking""]",3696,2508,"[""Asteroid"", ""Mars"", ""Mars_Exploration_Rover"", ""Soil"", ""Clay"", ""Sweden"", ""Denmark"", ""Iceland"", ""Viking""]",12799,3594,"[""Asteroid"", ""Earth"", ""Norse_mythology"", ""Norway"", ""Viking""]",11850,6583
Batman_Wood_1,Batman,Wood,"[""Batman"", ""DC Comics"", ""Comic book"", ""Paper"", ""Wood""]",298,603,"[""Batman"", ""Scotland"", ""Agriculture"", ""Botany"", ""Wood""]",2504,1570,"[""Batman"", ""Scotland"", ""Coal"", ""Carbon"", ""Plant"", ""Tree"", ""Wood""]",9510,1893,"[""Batman"", ""Scotland"", ""Agriculture"", ""Botany"", ""Wood""]",8982,5046
Beer_Sun_1,Beer,Sun,"[""Beer"", ""Hops"", ""Plant"", ""Photosynthesis"", ""Sun""]",298,613,"[""Beer"", ""Carbon_dioxide"", ""Photosynthesis"", ""Ultraviolet"", ""Sun""]",2186,1029,"[""Beer"", ""Carbon_dioxide"", ""Plant"", ""Sundew"", ""Bog"", ""Moss"", ""Flower"", ""Sunflower"", ""Gold"", ""Sun""]",14001,4021,"[""Beer"", ""Carbon_dioxide"", ""Photosynthesis"", ""Ultraviolet"", ""Sun""]",10308,5597
Batman_Banana_1,Batman,Banana,"[""Batman"", ""Bat"", ""Fruit bat"", ""Banana""]",299,691,"[""Batman"", ""Crime"", ""Law"", ""International_law"", ""World_Trade_Organization"", ""Business"", ""Agriculture"", ""Fruit"", ""Banana""]",4520,2560,"[""Batman"", ""Superman"", ""Sun"", ""Photosynthesis"", ""Plant"", ""Arecaceae"", ""Coconut"", ""Fruit"", ""Banana""]",12159,3386,,0,0
Cat_Computer_1,Cat,Computer,"[""Cat"", ""Internet"", ""Computer""]",298,375,"[""Cat"", ""Sound"", ""Music"", ""Mathematics"", ""Computer_science"", ""Computer_programming"", ""Unix"", ""Microsoft_Windows"", ""Microsoft"", ""Computer""]",4198,2769,"[""Cat"", ""Color"", ""Light"", ""Brain"", ""Algorithm"", ""Computer""]",7966,1808,"[""Cat"", ""Evolution"", ""Computer""]",3334,1414
Cat_Microsoft_1,Cat,Microsoft,"[""Cat"", ""Mouse"", ""Computer mouse"", ""Microsoft""]",298,363,"[""Cat"", ""Genealogy"", ""Internet"", ""Microsoft""]",1482,1479,"[""Cat"", ""Sound"", ""Wave"", ""Ultraviolet"", ""Integrated_circuit"", ""Computer"", ""C++"", ""Library"", ""Internet"", ""Microsoft""]",11964,3449,"[""Cat"", ""Evolution"", ""Computer"", ""Microsoft_Windows"", ""Microsoft""]",16651,7820
Dog_Telephone_1,Dog,Telephone,"[""Dog"", ""Vocalization"", ""Sound"", ""Acoustics"", ""Telecommunication"", ""Telephone""]",298,642,"[""Dog"", ""Postage_stamp"", ""United_States"", ""Electronics"", ""Radio"", ""Bluetooth"", ""Radio_frequency"", ""Alternating_current"", ""Nikola_Tesla"", ""Telephone""]",5851,2585,"[""Dog"", ""English_language"", ""Internet"", ""Optical_fiber"", ""Light"", ""Radio"", ""Television"", ""Telecommunication"", ""Telephone""]",12525,3313,"[""Dog"", ""Postage_stamp"", ""Japan"", ""Electronics"", ""Telephone""]",11504,5035
Dog_Venus_1,Dog,Venus,"[""Dog"", ""Domestication"", ""Human"", ""Culture"", ""Mythology"", ""Roman mythology"", ""Venus""]",299,807,,0,0,"[""Dog"", ""Arctic"", ""Earth"", ""Solar_System"", ""Venus""]",6876,1706,,0,0
Aluminium_chloride_Parrot_1,Aluminium_chloride,Parrot,"[""Aluminium_chloride"", ""Aluminium"", ""Aircraft"", ""Unmanned aerial vehicle"", ""Parrot (company)"", ""Parrot""]",303,1858,"[""Aluminium_chloride"", ""Recycling"", ""India"", ""Biodiversity"", ""Bird"", ""Parrot""]",2894,1850,"[""Aluminium_chloride"", ""Aluminium"", ""Australia"", ""Emu"", ""Feather"", ""Bird"", ""Parrot""]",9257,2223,"[""Aluminium_chloride"", ""Aluminium"", ""New_Zealand"", ""Parrot""]",8585,5163
Batman_Bible_1,Batman,Bible,"[""Batman"", ""DC Comics"", ""Comic book"", ""Popular culture"", ""Religion in popular culture"", ""Bible""]",298,949,"[""Batman"", ""Earthquake"", ""United_Kingdom"", ""Anglican_Communion"", ""Christianity"", ""Bible""]",3401,1647,"[""Batman"", ""Crime"", ""Religion"", ""Bible""]",3923,910,"[""Batman"", ""Crime"", ""Religion"", ""Bible""]",7465,3254
England_God_1,England,God,"[""England"", ""United Kingdom"", ""Christianity"", ""God""]",298,315,,0,0,"[""England"", ""Christianity"", ""Jesus"", ""God""]",5781,983,"[""England"", ""Christianity"", ""Jesus"", ""God""]",5039,1800
Art_Mango_1,Art,Mango,"[""Art"", ""Culinary art"", ""Food"", ""Fruit"", ""Mango""]",299,610,"[""Art"", ""Color"", ""Fruit"", ""Mango""]",1656,1021,"[""Art"", ""Sultan"", ""Sumatra"", ""Indonesia"", ""Coffee"", ""Citrus"", ""Fruit"", ""Mango""]",11109,2066,"[""Art"", ""China"", ""Vietnam"", ""India"", ""Mango""]",13873,6161
14th_century_Rainbow_1,14th_century,Rainbow,"[""14th_century"", ""Middle_Ages"", ""Art"", ""Color"", ""Rainbow""]",301,340,"[""14th_century"", ""Renaissance"", ""Science"", ""Physics"", ""Light"", ""Rainbow""]",3303,1453,"[""14th_century"", ""Renaissance"", ""Raphael"", ""Painting"", ""Color"", ""Light"", ""Rainbow""]",9811,2569,"[""14th_century"", ""Renaissance"", ""Science"", ""Physics"", ""Electromagnetic_radiation"", ""Light"", ""Rainbow""]",31479,18313
Electricity_God_1,Electricity,God,"[""Electricity"", ""Energy"", ""Physics"", ""Science"", ""Philosophy"", ""Philosophy of religion"", ""God""]",299,591,"[""Electricity"", ""Ancient_Greece"", ""Athena"", ""Greek_mythology"", ""Deity"", ""God""]",2849,1383,,0,0,"[""Electricity"", ""Nikola_Tesla"", ""Albert_Einstein"", ""Immanuel_Kant"", ""God""]",13795,6935
Archbishop_of_Canterbury_Vietnam_1,Archbishop_of_Canterbury,Vietnam,"[""Archbishop of Canterbury"", ""England"", ""British Empire"", ""French Indochina"", ""Vietnam""]",303,479,"[""Archbishop_of_Canterbury"", ""Roman_Catholic_Church"", ""Asia"", ""Vietnam""]",2221,1508,,0,0,"[""Archbishop_of_Canterbury"", ""Roman_Catholic_Church"", ""Asia"", ""Vietnam""]",4733,2229
Batman_Vitamin_D_1,Batman,Vitamin_D,"[""Batman"", ""DC Comics"", ""Fictional universe"", ""Universe"", ""Sun"", ""Sunlight"", ""Vitamin D""]",299,1404,"[""Batman"", ""Chemistry""]",5368,3354,"[""Batman"", ""Superman"", ""Sun"", ""Ultraviolet"", ""Sunlight"", ""Vitamin_D""]",7149,2245,"[""Batman"", ""Superman"", ""Sun"", ""Ultraviolet"", ""Sunlight"", ""Vitamin_D""]",18277,11220
China_Moon_1,China,Moon,"[""China"", ""China National Space Administration"", ""Chang'e program"", ""Moon""]",298,338,"[""China"", ""Human"", ""Space_exploration"", ""Moon""]",2324,1316,"[""China"", ""Sea"", ""Moon""]",3457,1024,"[""China"", ""Human"", ""Space_exploration"", ""Moon""]",4126,2226
Achilles_tendon_Ivory_1,Achilles_tendon,Ivory,"[""Achilles tendon"", ""Muscle"", ""Musculoskeletal system"", ""Vertebrate"", ""Mammal"", ""Elephant"", ""Ivory""]",302,654,"[""Achilles_tendon"", ""Achilles"", ""Ethiopia"", ""African_Union"", ""C\u00f4te_d'Ivoire""]",4486,2739,"[""Achilles_tendon"", ""Achilles"", ""Zeus"", ""Sculpture"", ""Jewellery"", ""Ivory""]",6977,2073,,0,0
Pyramid_Bean_1,Pyramid,Bean,"[""Pyramid"", ""Food pyramid"", ""Legume"", ""Bean""]",299,271,"[""Pyramid"", ""Mexico"", ""Agriculture"", ""Pea"", ""Bean""]",2220,1018,,0,0,"[""Pyramid"", ""Great_Pyramid_of_Giza"", ""Agriculture"", ""Pea"", ""Bean""]",9577,5086
Aircraft_Google_1,Aircraft,Google,"[""Aircraft"", ""Aviation"", ""Technology"", ""Search engine"", ""Google""]",298,562,,0,0,"[""Aircraft"", ""Vietnam_War"", ""United_States"", ""Computer"", ""World_Wide_Web"", ""Google""]",9252,2211,"[""Aircraft"", ""Hot_air_balloon"", ""United_Kingdom"", ""Computer"", ""World_Wide_Web"", ""Google""]",19533,9567
Computer_Fruit_1,Computer,Fruit,"[""Computer"", ""Apple Inc."", ""Apple (fruit)"", ""Fruit""]",298,553,"[""Computer"", ""History_of_computing_hardware"", ""Germany"", ""Europe"", ""Mediterranean_Sea"", ""Italy"", ""Agriculture"", ""Fruit""]",5472,2712,,0,0,"[""Computer"", ""Computer_and_video_games"", ""Japan"", ""Agriculture"", ""Fruit""]",10030,6756
Batman_Penguin_1,Batman,Penguin,"[""Batman"", ""Penguin (character)"", ""Penguin""]",299,567,"[""Batman"", ""Crime"", ""Police"", ""London"", ""British_Empire"", ""South_Africa"", ""Biodiversity"", ""Bird"", ""Penguin""]",5536,3786,,0,0,"[""Batman"", ""Spring_Heeled_Jack"", ""Nature"", ""Animal"", ""Bird"", ""Penguin""]",24240,13406
Calculus_Lemon_1,Calculus,Lemon,"[""Calculus"", ""Mathematics"", ""Science"", ""Food science"", ""Citrus"", ""Lemon""]",300,638,"[""Calculus"", ""Biology"", ""Plant"", ""Fruit"", ""Citrus"", ""Lemon""]",2788,1381,"[""Calculus"", ""Business"", ""Agriculture"", ""Fruit"", ""Citrus"", ""Lemon""]",7754,2183,"[""Calculus"", ""Biology"", ""Plant"", ""Tree"", ""Citrus"", ""Lemon""]",17020,8519
George_W._Bush_Monkey_1,George_W._Bush,Monkey,"[""George W. Bush"", ""United States"", ""Mammals of the United States"", ""Primates"", ""Monkey""]",301,1084,"[""George_W._Bush"", ""International_Space_Station"", ""Space_Shuttle_program""]",5904,3576,"[""George_W._Bush"", ""Creationism"", ""Evolution"", ""Ape"", ""Monkey""]",6843,1491,"[""George_W._Bush"", ""Creationism"", ""Charles_Darwin"", ""Ape"", ""Monkey""]",10893,6189
Batman_Coconut_crab_1,Batman,Coconut_crab,"[""Batman"", ""Bat"", ""Mammal"", ""Animal"", ""Invertebrate"", ""Crustacean"", ""Crab"", ""Coconut_crab""]",301,606,,0,0,"[""Batman"", ""Spring_Heeled_Jack"", ""Nature"", ""Animal"", ""Scientific_classification"", ""Organism"", ""Arthropod"", ""Coconut_crab""]",9723,3654,"[""Batman"", ""Chemistry"", ""Organism"", ""Arthropod"", ""Coconut_crab""]",13795,7895
Batman_Peanut_1,Batman,Peanut,"[""Batman"", ""Comic book"", ""Comic strip"", ""Peanuts"", ""Peanut""]",299,1178,"[""Batman"", ""Chemistry"", ""Biology"", ""Plant"", ""Seed"", ""Peanut""]",2743,1498,"[""Batman"", ""Superman"", ""Jew"", ""Turkey"", ""Agriculture"", ""Pea"", ""Bean"", ""Peanut""]",10383,2690,,0,0
Cat_University_1,Cat,University,"[""Cat"", ""Mammal"", ""Human"", ""Education"", ""University""]",298,478,,0,0,,0,0,,0,0
God_Apple_1,God,Apple,"[""God"", ""Christianity"", ""Bible"", ""Genesis"", ""Adam and Eve"", ""Forbidden fruit"", ""Apple""]",298,548,"[""God"", ""Bible""]",5049,3375,"[""God"", ""United_States""]",16320,3382,"[""God"", ""Christianity"", ""Jesus"", ""Bible"", ""Judaism"", ""Hebrew_language"", ""United_States"", ""California"", ""Fruit"", ""Apple""]",105131,67391
Canada_Pony_1,Canada,Pony,"[""Canada"", ""Horse"", ""Pony""]",299,365,"[""Canada"", ""United_Kingdom"", ""Wales"", ""British_monarchy"", ""British_Empire"", ""India"", ""Mammal"", ""Horse"", ""Pony""]",6997,3144,"[""Canada"", ""Beaver"", ""Animal"", ""Fish"", ""Dolphin"", ""Chordate"", ""Mammal"", ""Horse"", ""Pony""]",11930,4084,"[""Canada"", ""United_Kingdom"", ""Scotland"", ""Agriculture"", ""Horse"", ""Pony""]",22327,11705
AIDS_Tour_de_France_1,AIDS,Tour_de_France,"[""AIDS"", ""World Health Organization"", ""France"", ""Sport in France"", ""Cycling"", ""Tour de France""]",302,644,,0,0,,0,0,"[""AIDS"", ""Belgium"", ""Tour_de_France""]",4260,1889
Cereal_Kurt_Cobain_1,Cereal,Kurt_Cobain,"[""Cereal"", ""Popular_culture"", ""Music"", ""Grunge"", ""Nirvana_(band)"", ""Kurt_Cobain""]",303,684,"[""Cereal"", ""United_States"", ""Seattle,_Washington"", ""Nirvana_(band)"", ""Kurt_Cobain""]",3615,1985,,0,0,"[""Cereal"", ""United_States"", ""Music_of_the_United_States"", ""Nirvana_(band)"", ""Kurt_Cobain""]",11640,5562
Christianity_Natalie_Portman_1,Christianity,Natalie_Portman,"[""Christianity"", ""Christianity in popular culture"", ""Film"", ""Actress"", ""Natalie Portman""]",302,435,"[""Christianity"", ""Judaism""]",3766,1951,"[""Christianity"", ""Jew"", ""Israel"", ""Jerusalem"", ""Natalie_Portman""]",7476,1879,"[""Christianity"", ""Jew"", ""Israel"", ""Jerusalem"", ""Natalie_Portman""]",9563,4200
Colombia_Menthol_1,Colombia,Menthol,"[""Colombia"", ""Traditional medicine"", ""Herbal medicine"", ""Mint"", ""Menthol""]",300,1012,"[""Colombia"", ""Latin_America"", ""United_States""]",6828,5013,"[""Colombia"", ""Andes""]",16097,5529,"[""Colombia"", ""United_States""]",236856,180966
Napoleonic_Wars_Superman_1,Napoleonic_Wars,Superman,"[""Napoleonic_Wars"", ""War_of_1812"", ""United_States"", ""Culture_of_the_United_States"", ""Comics"", ""Superman""]",303,1021,"[""Napoleonic_Wars"", ""United_States"", ""Film""]",6346,3519,"[""Napoleonic_Wars"", ""France"", ""United_States""]",16489,5760,,0,0
Batman_Wikisource_1,Batman,Wikisource,"[""Batman"", ""List of Batman video games"", ""Video game"", ""Software"", ""Free software"", ""Wikimedia Foundation"", ""Wikisource""]",300,948,,0,0,"[""Batman"", ""Crime"", ""Culture""]",15103,3659,"[""Batman"", ""Spring_Heeled_Jack"", ""Fiction"", ""Literature"", ""Publishing"", ""Wikipedia"", ""Wikimedia_Foundation"", ""Wikisource""]",65448,39321
Christianity_Coconut_crab_1,Christianity,Coconut_crab,"[""Christianity"", ""Bible"", ""Animals in the Bible"", ""Crab"", ""Coconut crab""]",302,606,"[""Christianity"", ""Philippines""]",6485,4376,,0,0,"[""Christianity"", ""Oceania"", ""Christmas_Island"", ""Coconut_crab""]",2353,1275
David_Beckham_Frog_1,David_Beckham,Frog,"[""David_Beckham"", ""England"", ""Fauna_of_England"", ""Frog""]",303,806,,0,0,"[""David_Beckham"", ""Israel"", ""Science""]",12417,3279,"[""David_Beckham"", ""England"", ""Season"", ""Animal"", ""Australian_Green_Tree_Frog"", ""Frog""]",21865,12774
Geometry_Volleyball_1,Geometry,Volleyball,"[""Geometry"", ""Shape"", ""Ball (geometry)"", ""Ball (sports)"", ""Volleyball""]",299,495,"[""Geometry"", ""Physics""]",2832,1530,"[""Geometry"", ""Euclid"", ""Greece"", ""Olympic_Games"", ""Volleyball""]",6063,1633,"[""Geometry"", ""Physics"", ""Energy"", ""Force"", ""Momentum"", ""Albert_Einstein"", ""Brazil"", ""Volleyball""]",33854,19480
Brain_Telephone_2,Brain,Telephone,"[""Brain"", ""Neuron"", ""Synapse"", ""Signal transduction"", ""Communication"", ""Telecommunication"", ""Telephone""]",298,331,"[""Brain"", ""Computer_science"", ""Information"", ""Communication"", ""Telephone""]",1954,1384,"[""Brain"", ""Action_potential"", ""Volt"", ""Automobile"", ""United_Kingdom"", ""Computer"", ""Telephone""]",8990,3077,,0,0
Theatre_Zebra_2,Theatre,Zebra,"[""Theatre"", ""Play (theatre)"", ""Game"", ""Puzzle"", ""Logic puzzle"", ""Zebra puzzle"", ""Zebra""]",300,1914,,0,0,"[""Theatre"", ""Dance"", ""Animal"", ""Vertebrate"", ""Mammal"", ""Zebra""]",7239,2015,"[""Theatre"", ""Brazil"", ""Africa"", ""Cheetah"", ""Wildebeest"", ""Mammal"", ""Zebra""]",16674,7761
Asteroid_Viking_2,Asteroid,Viking,"[""Asteroid"", ""Solar system"", ""Mars"", ""Viking program"", ""Viking""]",300,1583,,0,0,"[""Asteroid"", ""Earth""]",7480,1896,"[""Asteroid"", ""Solar_System"", ""Phoenix_(spacecraft)"", ""Exploration_of_Mars"", ""United_States"", ""Denmark"", ""Viking""]",29781,16002
Batman_Wood_2,Batman,Wood,"[""Batman"", ""Comic book"", ""Paper"", ""Wood pulp"", ""Wood""]",298,757,"[""Batman"", ""Spring_Heeled_Jack"", ""Nature"", ""Plant"", ""Wood""]",2194,1269,,0,0,,0,0
Beer_Sun_2,Beer,Sun,"[""Beer"", ""Barley"", ""Photosynthesis"", ""Sun""]",298,459,"[""Beer"", ""Water"", ""Sun""]",1537,1000,"[""Beer"", ""Water"", ""Sun""]",3630,937,,0,0
Batman_Banana_2,Batman,Banana,,0,0,"[""Batman"", ""Chemistry"", ""Biology"", ""Botany"", ""Fruit"", ""Banana""]",2651,1260,"[""Batman"", ""Spring_Heeled_Jack"", ""Nature"", ""Plant"", ""Arecaceae"", ""Fruit"", ""Banana""]",8875,2155,"[""Batman"", ""Superman"", ""Photosynthesis"", ""Plant"", ""Fruit"", ""Banana""]",17386,9453
Cat_Computer_2,Cat,Computer,"[""Cat"", ""Mouse"", ""Computer mouse"", ""Computer""]",298,313,,0,0,,0,0,"[""Cat"", ""Evolution"", ""Computer""]",2758,1464
Cat_Microsoft_2,Cat,Microsoft,"[""Cat"", ""Unix"", ""Microsoft Windows"", ""Microsoft""]",298,355,,0,0,"[""Cat"", ""Color"", ""Language"", ""Computer_science"", ""Internet"", ""Microsoft""]",7528,2310,"[""Cat"", ""Genealogy"", ""Internet"", ""Microsoft""]",3731,2990
Dog_Telephone_2,Dog,Telephone,"[""Dog"", ""Mammal"", ""Communication"", ""Telephone""]",298,337,"[""Dog"", ""Postage_stamp"", ""United_States"", ""Television"", ""Technology"", ""Electronics"", ""Telephone""]",4375,2022,"[""Dog"", ""Postage_stamp"", ""United_States"", ""Television"", ""Telecommunication"", ""Telephone""]",9162,2733,"[""Dog"", ""North_America"", ""United_States"", ""Electronics"", ""Telephone""]",13439,5081
Dog_Venus_2,Dog,Venus,"[""Dog"", ""Cerberus"", ""Greek mythology"", ""Roman mythology"", ""Venus""]",299,637,,0,0,,0,0,"[""Dog"", ""Cancer"", ""Ultraviolet"", ""Astronomy"", ""Venus""]",11467,7822
Aluminium_chloride_Parrot_2,Aluminium_chloride,Parrot,"[""Aluminium_chloride"", ""Chemical_compound"", ""Chemistry"", ""Science"", ""Biology"", ""Animal"", ""Bird"", ""Parrot""]",303,810,"[""Aluminium_chloride"", ""Recycling"", ""Environmental_science"", ""Biodiversity"", ""Bird"", ""Parrot""]",2565,1383,"[""Aluminium_chloride"", ""Ytterbium"", ""Fire"", ""Animal"", ""Bird"", ""Parrot""]",7664,1641,"[""Aluminium_chloride"", ""Electricity"", ""Thunderstorm"", ""Rainforest"", ""Bird"", ""Parrot""]",18340,11534
Batman_Bible_2,Batman,Bible,"[""Batman"", ""Gotham City"", ""New York City"", ""Christianity"", ""Bible""]",298,614,"[""Batman"", ""Superman"", ""Judaism"", ""Bible""]",1521,1013,"[""Batman"", ""Crime"", ""Law"", ""Christianity"", ""Bible""]",5939,1520,"[""Batman"", ""Superman"", ""Judaism"", ""Bible""]",5357,2497
England_God_2,England,God,"[""England"", ""Religion in England"", ""Christianity"", ""God""]",298,265,"[""England"", ""Church_of_England"", ""Christianity"", ""Jesus"", ""God""]",3212,1158,"[""England"", ""Christianity"", ""Jesus"", ""God""]",5781,968,"[""England"", ""Christianity"", ""Bible"", ""God""]",4804,1937
Art_Mango_2,Art,Mango,"[""Art"", ""Still life"", ""Fruit"", ""Mango""]",299,707,,0,0,"[""Art"", ""Sultan""]",16141,4321,"[""Art"", ""Color"", ""Fruit"", ""Mango""]",4466,2607
14th_century_Rainbow_2,14th_century,Rainbow,"[""14th_century"", ""Middle_Ages"", ""Science_in_the_Middle_Ages"", ""Optics"", ""Rainbow""]",301,764,"[""14th_century"", ""Time"", ""Light"", ""Rainbow""]",1714,1109,"[""14th_century"", ""Abacus"", ""Arithmetic"", ""Archimedes"", ""Sun"", ""Photon"", ""Ultraviolet"", ""Sunlight"", ""Pigment"", ""Color"", ""Rainbow""]",14518,4043,"[""14th_century"", ""Renaissance"", ""Art"", ""Color"", ""Rainbow""]",13702,8041
Electricity_God_2,Electricity,God,"[""Electricity"", ""Energy"", ""Physics"", ""Natural philosophy"", ""Philosophy of religion"", ""God""]",299,461,"[""Electricity"", ""Energy"", ""Big_Bang"", ""Christianity"", ""Jesus"", ""God""]",3114,1258,"[""Electricity"", ""Mesopotamia"", ""God""]",3316,714,"[""Electricity"", ""Mesopotamia"", ""God""]",3432,1735
Archbishop_of_Canterbury_Vietnam_2,Archbishop_of_Canterbury,Vietnam,"[""Archbishop_of_Canterbury"", ""Church_of_England"", ""British_Empire"", ""Colonialism"", ""French_Indochina"", ""Vietnam""]",303,486,"[""Archbishop_of_Canterbury"", ""Roman_Catholic_Church"", ""Asia"", ""Cambodia"", ""Laos"", ""Vietnam""]",3285,1500,"[""Archbishop_of_Canterbury"", ""Roman_Catholic_Church"", ""Asia"", ""Vietnam""]",5442,1417,"[""Archbishop_of_Canterbury"", ""Roman_Catholic_Church"", ""Asia"", ""Vietnam""]",6276,2982
Batman_Vitamin_D_2,Batman,Vitamin_D,"[""Batman"", ""Night"", ""Sun"", ""Vitamin_D""]",299,668,,0,0,"[""Batman"", ""Superman"", ""Sun"", ""Vitamin_D""]",4086,950,,0,0
China_Moon_2,China,Moon,"[""China"", ""Space program of China"", ""Chinese lunar exploration program"", ""Moon""]",298,398,"[""China"", ""United_States"", ""Neil_Armstrong"", ""Moon""]",3372,1207,,0,0,"[""China"", ""United_States"", ""Moon""]",5039,2097
Achilles_tendon_Ivory_2,Achilles_tendon,Ivory,"[""Achilles_tendon"", ""Collagen"", ""Bone"", ""Dentin"", ""Ivory""]",302,725,"[""Achilles_tendon"", ""Achilles"", ""Ethiopia"", ""C\u00f4te_d'Ivoire""]",3193,1853,"[""Achilles_tendon"", ""Achilles""]",12441,4114,,0,0
Pyramid_Bean_2,Pyramid,Bean,"[""Pyramid"", ""Ancient Egypt"", ""Agriculture"", ""Legume"", ""Bean""]",299,573,"[""Pyramid"", ""Mexico""]",5502,3198,"[""Pyramid"", ""Mexico"", ""Agriculture"", ""Vegetable"", ""Bean""]",6266,1407,"[""Pyramid"", ""California"", ""Vegetable"", ""Bean""]",6036,3232
Aircraft_Google_2,Aircraft,Google,"[""Aircraft"", ""Aviation"", ""Technology"", ""Internet"", ""Google""]",298,328,"[""Aircraft"", ""Airbus_A380"", ""United_Kingdom"", ""Computer"", ""World_Wide_Web"", ""Google""]",3361,1806,"[""Aircraft"", ""Vietnam_War"", ""China"", ""English_language"", ""Internet"", ""Information"", ""Mass_media"", ""World_Wide_Web"", ""Google""]",13120,3047,,0,0
Computer_Fruit_2,Computer,Fruit,"[""Computer"", ""Apple Inc."", ""Apple (fruit)"", ""Fruit""]",298,826,"[""Computer"", ""Computer_and_video_games"", ""Advertising"", ""Television"", ""Manufacturing"", ""Biotechnology"", ""Agriculture"", ""Fruit""]",3526,2507,"[""Computer"", ""Toy"", ""Apple"", ""Fruit""]",4918,991,"[""Computer"", ""World_Wide_Web"", ""Google"", ""California"", ""Fruit""]",7417,4791
Batman_Penguin_2,Batman,Penguin,"[""Batman"", ""Bat"", ""Mammal"", ""Animal"", ""Bird"", ""Penguin""]",299,808,"[""Batman"", ""Crime"", ""International_law"", ""United_Nations"", ""South_Africa"", ""Cape_Town"", ""African_Penguin"", ""Magellanic_Penguin"", ""Penguin""]",4564,3148,"[""Batman"", ""Crime"", ""Latin"", ""Science"", ""Biology"", ""Animal"", ""Magellanic_Penguin"", ""Penguin""]",9953,2884,"[""Batman"", ""Crime"", ""United_States"", ""Antarctica"", ""Antarctic_krill"", ""Penguin""]",19489,9336
Calculus_Lemon_2,Calculus,Lemon,"[""Calculus"", ""Isaac Newton"", ""Apple"", ""Fruit"", ""Citrus"", ""Lemon""]",300,458,"[""Calculus"", ""Biology"", ""Botany"", ""Plant"", ""Fruit"", ""Citrus"", ""Lemon""]",3322,1782,"[""Calculus"", ""Business"", ""Money"", ""Water"", ""Color"", ""Fruit"", ""Citrus"", ""Lemon""]",11105,3135,"[""Calculus"", ""Biology"", ""Botany"", ""Fruit"", ""Citrus"", ""Lemon""]",15517,7987
George_W._Bush_Monkey_2,George_W._Bush,Monkey,"[""George_W._Bush"", ""United_States"", ""United_States_Department_of_Agriculture"", ""Animal_welfare"", ""Monkey""]",301,1023,"[""George_W._Bush"", ""International_Space_Station""]",6081,3490,"[""George_W._Bush"", ""Panama"", ""Colombia"", ""Brazil"", ""Rainforest"", ""Monkey""]",8392,2216,"[""George_W._Bush"", ""Creationism"", ""Charles_Darwin"", ""Monkey""]",4696,2120
Batman_Coconut_crab_2,Batman,Coconut_crab,"[""Batman"", ""Gotham City"", ""New York City"", ""United States"", ""Pacific Ocean"", ""Pacific islands"", ""Coconut"", ""Coconut crab""]",301,1609,,0,0,"[""Batman"", ""Spring_Heeled_Jack"", ""Nature"", ""Animal"", ""Scientific_classification"", ""Arthropod"", ""Coconut_crab""]",8089,3349,,0,0
Batman_Peanut_2,Batman,Peanut,"[""Batman"", ""Gotham City"", ""New York City"", ""Cuisine of New York City"", ""Food"", ""Peanut""]",299,924,"[""Batman"", ""Chemistry"", ""Biology"", ""Plant"", ""Agriculture"", ""Pea"", ""Vegetable"", ""Bean"", ""Peanut""]",4233,2508,"[""Batman"", ""Superman""]",16476,4966,"[""Batman"", ""Chemistry"", ""Biology"", ""Botany"", ""Soybean"", ""Peanut""]",15492,8257
Cat_University_2,Cat,University,"[""Cat"", ""Mammal"", ""Biology"", ""Science"", ""Education"", ""University""]",298,712,"[""Cat"", ""Evolution"", ""Science"", ""University""]",1802,867,,0,0,"[""Cat"", ""Scientific_classification"", ""Latin"", ""Science"", ""University""]",15326,8106
God_Apple_2,God,Apple,,0,0,,0,0,"[""God"", ""Bible"", ""Isaac"", ""Islam"", ""Almond"", ""Fruit"", ""Apple""]",9157,2971,,0,0
Canada_Pony_2,Canada,Pony,"[""Canada"", ""Equestrianism"", ""Horse"", ""Pony""]",299,629,"[""Canada"", ""Russia"", ""Agriculture"", ""Fertile_Crescent"", ""Horse"", ""Pony""]",3418,2391,"[""Canada"", ""Beaver"", ""Animal"", ""Vertebrate"", ""Mammal"", ""Horse"", ""Pony""]",9435,2869,"[""Canada"", ""United_Kingdom"", ""Scotland"", ""Shetland"", ""Agriculture"", ""Horse"", ""Pony""]",36560,21416
AIDS_Tour_de_France_2,AIDS,Tour_de_France,"[""AIDS"", ""World Health Organization"", ""International Olympic Committee"", ""Cycling"", ""Tour de France""]",302,570,"[""AIDS"", ""France"", ""Paris"", ""Tour_de_France""]",2224,1063,"[""AIDS"", ""France"", ""Marseille"", ""Paris"", ""Tour_de_France""]",7079,1723,"[""AIDS"", ""France"", ""Paris"", ""Tour_de_France""]",6460,2680
Cereal_Kurt_Cobain_2,Cereal,Kurt_Cobain,"[""Cereal"", ""Grain"", ""Agriculture"", ""United States"", ""Music of the United States"", ""Rock music"", ""Grunge"", ""Nirvana (band)"", ""Kurt Cobain""]",303,720,"[""Cereal"", ""United_States"", ""Seattle,_Washington"", ""Nirvana_(band)"", ""Kurt_Cobain""]",3615,1410,"[""Cereal"", ""Human"", ""Music"", ""Folk_music"", ""Bob_Dylan"", ""Neil_Young"", ""Kurt_Cobain""]",10065,3079,"[""Cereal"", ""United_States"", ""Seattle,_Washington"", ""Nirvana_(band)"", ""Kurt_Cobain""]",12475,6230
Christianity_Natalie_Portman_2,Christianity,Natalie_Portman,"[""Christianity"", ""Christianity in Israel"", ""Israel"", ""Natalie_Portman""]",302,561,,0,0,"[""Christianity"", ""Hebrew_language""]",18675,6792,"[""Christianity"", ""Jew"", ""Jerusalem"", ""Natalie_Portman""]",6311,2719
Colombia_Menthol_2,Colombia,Menthol,"[""Colombia"", ""Flora of Colombia"", ""Lamiaceae"", ""Mentha"", ""Menthol""]",300,1168,,0,0,"[""Colombia"", ""Mestizo""]",15510,5052,"[""Colombia"", ""United_States""]",51234,38450
Napoleonic_Wars_Superman_2,Napoleonic_Wars,Superman,"[""Napoleonic_Wars"", ""United_Kingdom"", ""United_States"", ""Comic_book"", ""DC_Comics"", ""Superman""]",303,633,"[""Napoleonic_Wars"", ""United_States""]",4718,1906,"[""Napoleonic_Wars"", ""United_States"", ""Film""]",16996,5256,"[""Napoleonic_Wars"", ""War"", ""Nazism"", ""World_War_II"", ""Cold_War"", ""Ronald_Reagan"", ""Superman""]",34997,17928
Batman_Wikisource_2,Batman,Wikisource,"[""Batman"", ""DC Comics"", ""Wikipedia"", ""Wikisource""]",300,2084,"[""Batman"", ""Superman""]",6845,3622,"[""Batman"", ""Chemistry""]",14591,3616,,0,0
Christianity_Coconut_crab_2,Christianity,Coconut_crab,"[""Christianity"", ""Bible"", ""Animal"", ""Crab"", ""Coconut crab""]",302,469,,0,0,"[""Christianity"", ""Philippines""]",16741,5246,,0,0
David_Beckham_Frog_2,David_Beckham,Frog,"[""David_Beckham"", ""Los_Angeles_Galaxy"", ""Los_Angeles"", ""California"", ""Amphibian"", ""Frog""]",303,847,"[""David_Beckham"", ""France"", ""Brazil"", ""Amazon_Rainforest""]",5095,3293,"[""David_Beckham"", ""France"", ""River"", ""Fresh_water"", ""Fish"", ""Dolphin"", ""Animal"", ""Australian_Green_Tree_Frog"", ""Tree_frog"", ""Frog""]",13051,3353,,0,0
Geometry_Volleyball_2,Geometry,Volleyball,"[""Geometry"", ""Sphere"", ""Ball (sports)"", ""Volleyball""]",299,585,,0,0,,0,0,,0,0
