id,start,destination,blind_paths,blind_input_tokens,blind_output_tokens,link_aware_paths,link_aware_input_tokens,link_aware_output_tokens,external_info_paths,external_info_input_tokens,external_info_output_tokens,tot_paths,tot_input_tokens,tot_output_tokens,difficulty
Brain_Telephone_0,Brain,Telephone,"[""Brain"", ""Cognitive science"", ""Communication"", ""Telephone""]",298,444,"[""Brain"", ""Computer_science"", ""Internet""]",3036,3312,"[""Brain"", ""Action\u00a0potential""]",1594,855,"[""Brain"", ""Psychology"", ""20th_century"", ""Telephone""]",5870,4869,Medium
Theatre_Zebra_0,Theatre,Zebra,"[""Theatre"", ""Performing arts"", ""Circus"", ""Circus animals"", ""Zebra""]",300,1276,"[""Theatre"", ""France"", ""Kenya"", ""East_Africa"", ""Tanzania"", ""Africa"", ""Zebra""]",5196,2950,"[""Theatre"", ""Dance"", ""Animal"", ""Mammal"", ""Zebra""]",5707,2415,"[""Theatre"", ""Aristotle"", ""Biology"", ""Animal"", ""Mammal"", ""Zebra""]",21112,13881,Medium
Asteroid_Viking_0,Asteroid,Viking,"[""Asteroid"", ""Ceres (dwarf planet)"", ""Dwarf planet"", ""Solar system"", ""Planet"", ""Mars"", ""Viking program"", ""Viking (spacecraft)"", ""Viking""]",300,1711,"[""Asteroid"", ""Mars"", ""Mars_Reconnaissance_Orbiter""]",1986,2631,"[""Asteroid"", ""Mars""]",9018,3280,,0,0,Medium
Batman_Wood_0,Batman,Wood,,0,0,"[""Batman"", ""Scotland""]",5584,5656,"[""Batman"", ""Crime""]",7744,3050,,0,0,Medium
Beer_Sun_0,Beer,Sun,"[""Beer"", ""Hops"", ""Humulus lupulus"", ""Plant"", ""Photosynthesis"", ""Sunlight"", ""Sun""]",298,1333,"[""Beer"", ""Ethanol"", ""Alcohol"", ""Hydrogen"", ""Star"", ""Sun""]",3035,3174,"[""Beer"", ""Water"", ""Solar_System"", ""Sun""]",5046,1895,,0,0,Medium
Batman_Banana_0,Batman,Banana,,0,0,"[""Batman"", ""Chemistry""]",3136,2305,"[""Batman"", ""Crime""]",8572,4753,,0,0,Medium
Cat_Computer_0,Cat,Computer,"[""Cat"", ""Felis\u202fcatus"", ""Mammal"", ""Vertebrate"", ""Animal"", ""Life"", ""Science"", ""Computer\u202fscience"", ""Computer""]",298,539,"[""Cat"", ""Animal"", ""Human""]",3422,2321,"[""Cat"", ""Animal"", ""Scientific_classification""]",9140,2653,,0,0,Medium
Cat_Microsoft_0,Cat,Microsoft,"[""Cat"", ""Felidae"", ""Mammal"", ""Animal"", ""Zoology"", ""Biology"", ""Science"", ""Technology"", ""Computing"", ""Computer"", ""Operating system"", ""Microsoft Windows"", ""Microsoft""]",298,1193,"[""Cat"", ""Animal"", ""Mammal"", ""Human""]",3601,3772,"[""Cat"", ""Color""]",10357,2475,"[""Cat"", ""Mammal"", ""20th_century"", ""Computer"", ""Internet"", ""Microsoft""]",31800,24941,Medium
Dog_Telephone_0,Dog,Telephone,"[""Dog"", ""Canine"", ""Mammal"", ""Vertebrate"", ""Animal"", ""Biology"", ""Science"", ""Technology"", ""Device"", ""Electrical device"", ""Communication device"", ""Telephone""]",298,806,"[""Dog"", ""English_language"", ""Internet""]",3409,5405,"[""Dog"", ""Chordate""]",8534,4114,"[""Dog"", ""English_language"", ""Internet"", ""World_Wide_Web"", ""Telephone""]",9907,6951,Medium
Dog_Venus_0,Dog,Venus,"[""Dog"", ""Mammal"", ""Chordate"", ""Eukaryote"", ""Life"", ""Earth"", ""Solar System"", ""Venus""]",299,1464,"[""Dog"", ""Chocolate""]",3810,5252,"[""Dog"", ""Fossil""]",9467,3197,"[""Dog"", ""Scientific_classification"", ""Plant"", ""Light"", ""Solar_System"", ""Venus""]",19292,20184,Medium
Aluminium_chloride_Parrot_0,Aluminium_chloride,Parrot,,0,0,"[""Aluminium_chloride"", ""Chlorine"", ""Oxygen"", ""DNA"", ""Animal"", ""Bird"", ""Parrot""]",3175,4738,,0,0,,0,0,Medium
Batman_Bible_0,Batman,Bible,"[""Batman"", ""American comics"", ""Comics"", ""United States"", ""Religion in the United States"", ""Christianity"", ""Bible""]",298,1463,"[""Batman"", ""Earthquake"", ""United_Kingdom"", ""Anglican_Communion"", ""Christianity"", ""Bible""]",3401,2617,"[""Batman"", ""Crime"", ""Law"", ""Judaism"", ""Bible""]",5477,1706,"[""Batman"", ""Superman"", ""Judaism"", ""Bible""]",7000,3788,Medium
England_God_0,England,God,"[""England"", ""Christianity"", ""Christian theology"", ""God""]",298,447,"[""England"", ""Church_of_England"", ""Christianity"", ""Bible"", ""God""]",3009,1220,"[""England"", ""Christianity"", ""Jesus"", ""Allah"", ""God""]",6508,1946,"[""England"", ""Christianity"", ""Religion"", ""God""]",4957,2601,Medium
Art_Mango_0,Art,Mango,"[""Art"", ""Botany"", ""Plant"", ""Tree"", ""Fruit tree"", ""Fruit"", ""Mango""]",299,1287,"[""Art"", ""Painting"", ""India"", ""Mango""]",2179,2396,,0,0,"[""Art"", ""China"", ""Indonesia"", ""India"", ""Mango""]",10303,8220,Medium
14th_century_Rainbow_0,14th_century,Rainbow,"[""14th century"", ""England"", ""United Kingdom"", ""Music of the United Kingdom"", ""British rock music"", ""Heavy metal"", ""Black Sabbath"", ""Ronnie James Dio"", ""Rainbow (band)""]",301,1943,"[""14th_century"", ""Renaissance"", ""Science""]",3760,3222,"[""14th_century"", ""Abacus""]",7688,3375,"[""14th_century"", ""Renaissance"", ""Art"", ""Color"", ""Rainbow""]",9817,6788,Medium
Electricity_God_0,Electricity,God,"[""Electricity"", ""Physics"", ""Philosophy"", ""Theology"", ""God""]",299,351,"[""Electricity"", ""Ancient_Greece"", ""Plato"", ""Christianity"", ""Bible"", ""God""]",2966,2841,"[""Electricity"", ""Mesopotamia"", ""Religion"", ""Jesus"", ""Bible"", ""God""]",7766,2425,"[""Electricity"", ""Physics"", ""Philosophy"", ""Religion"", ""God""]",9998,6408,Medium
Archbishop_of_Canterbury_Vietnam_0,Archbishop_of_Canterbury,Vietnam,"[""Archbishop_of_Canterbury"", ""Archdiocese_of_Canterbury"", ""Canterbury_Cathedral"", ""Canterbury"", ""England"", ""United_Kingdom"", ""United_Nations"", ""Vietnam""]",303,796,"[""Archbishop_of_Canterbury"", ""Roman_Catholic_Church"", ""Pope John Paul II""]",1212,1458,"[""Archbishop_of_Canterbury"", ""England"", ""France"", ""China"", ""Mekong"", ""Vietnam""]",8704,2572,"[""Archbishop_of_Canterbury"", ""Roman_Catholic_Church"", ""Pope_Benedict_XVI"", ""China"", ""Vietnam""]",12888,11358,Medium
Batman_Vitamin_D_0,Batman,Vitamin_D,,0,0,"[""Batman"", ""Chemistry"", ""Biology"", ""Medicine"", ""Health"", ""Nutrition"", ""Vitamin_D""]",3163,2956,"[""Batman"", ""Chemistry"", ""Biology""]",7801,2156,"[""Batman"", ""Superman"", ""Sun"", ""Vitamin_D""]",7959,5417,Medium
China_Moon_0,China,Moon,"[""China"", ""Chinese Space Program"", ""Space program"", ""Space"", ""Moon""]",298,670,"[""China"", ""United_States"", ""Space_Shuttle_Columbia"", ""Earth"", ""Moon""]",4195,2200,"[""China"", ""United_States"", ""Apollo_11"", ""Moon_landing"", ""Moon""]",7129,1470,"[""China"", ""Ancient_Egypt"", ""Egypt"", ""United_States"", ""Moon""]",12145,6723,Medium
Achilles_tendon_Ivory_0,Achilles_tendon,Ivory,"[""Achilles tendon"", ""Ankle"", ""Foot"", ""Skeletal system"", ""Mammal"", ""Elephant"", ""Ivory""]",302,863,,0,0,"[""Achilles_tendon"", ""Achilles""]",9254,2224,,0,0,Medium
Pyramid_Bean_0,Pyramid,Bean,,0,0,"[""Pyramid"", ""Egyptian_pyramids"", ""Ancient_Egypt""]",3208,2605,,0,0,"[""Pyramid"", ""California"", ""Vegetable"", ""Bean""]",7618,7701,Hard
Aircraft_Google_0,Aircraft,Google,,0,0,"[""Aircraft"", ""United_Kingdom"", ""Computer"", ""Internet"", ""Tim_Berners-Lee"", ""World_Wide_Web"", ""Google""]",3735,5280,"[""Aircraft"", ""Russia""]",10039,2910,"[""Aircraft"", ""United_Kingdom"", ""Computer"", ""World_Wide_Web"", ""Google""]",10103,8319,Hard
Computer_Fruit_0,Computer,Fruit,"[""Computer"", ""Apple\u00a0Inc."", ""Apple\u00a0(fruit)""]",298,472,"[""Computer"", ""Internet"", ""World_Wide_Web"", ""Book"", ""Ancient_Egypt"", ""Agriculture"", ""Fruit""]",3315,4804,"[""Computer"", ""Toy"", ""Apple"", ""Fruit""]",4618,1253,"[""Computer"", ""Internet"", ""Information"", ""DNA"", ""Plant"", ""Fruit""]",13826,14270,Hard
Batman_Penguin_0,Batman,Penguin,"[""Batman (character)"", ""Penguin (villain)""]",299,516,"[""Batman"", ""Crime"", ""Family"", ""United_States"", ""Antarctica"", ""Penguin""]",3962,4090,"[""Batman"", ""Superman"", ""Human"", ""Antarctica"", ""Penguin""]",5680,2076,"[""Batman"", ""Spring_Heeled_Jack"", ""Earth"", ""Antarctica"", ""Penguin""]",12792,11885,Hard
Calculus_Lemon_0,Calculus,Lemon,"[""Calculus"", ""Mathematics"", ""Science"", ""Natural science"", ""Botany"", ""Fruit"", ""Citrus"", ""Lemon""]",300,1160,"[""Calculus"", ""Biology"", ""Plant"", ""Fruit"", ""Citrus"", ""Lemon""]",2788,2030,,0,0,,0,0,Hard
George_W._Bush_Monkey_0,George_W._Bush,Monkey,"[""George W. Bush"", ""United States"", ""United Nations"", ""Human rights"", ""Animal rights"", ""Primates"", ""Monkey""]",301,2037,"[""George_W._Bush"", ""United_States"", ""American_English"", ""New_York_City""]",5530,6774,"[""George_W._Bush"", ""Moon"", ""Earth""]",10103,4079,"[""George_W._Bush"", ""AIDS"", ""HIV"", ""Africa"", ""Monkey""]",15735,16152,Hard
Batman_Coconut_crab_0,Batman,Coconut_crab,"[""Batman"", ""Bat"", ""Mammal"", ""Animal"", ""Arthropod"", ""Crustacea"", ""Coconut crab""]",301,1224,"[""Batman"", ""Crime""]",3673,3942,"[""Batman"", ""Spring_Heeled_Jack"", ""Moon""]",7987,4124,,0,0,Hard
Batman_Peanut_0,Batman,Peanut,,0,0,"[""Batman"", ""Chemistry""]",3451,3068,,0,0,"[""Batman"", ""Scotland"", ""Agriculture"", ""Soybean"", ""Peanut""]",15798,16940,Hard
Cat_University_0,Cat,University,"[""Cat"", ""Domestic cat"", ""Felidae"", ""Mammalia"", ""Mammalogy"", ""Biology"", ""Science"", ""University""]",298,980,"[""Cat"", ""Animal"", ""Human"", ""Science"", ""University""]",2531,2499,"[""Cat"", ""Animal"", ""Plant"", ""Scotland"", ""University""]",6478,2345,"[""Cat"", ""Mammal"", ""Human"", ""Organization"", ""University""]",6581,7012,Hard
God_Apple_0,God,Apple,,0,0,"[""God"", ""Nature"", ""Plant"", ""Fruit"", ""Apple""]",2413,1793,"[""God"", ""Allah""]",9656,3728,"[""God"", ""Nature"", ""Plant"", ""Fruit"", ""Apple""]",13176,11174,Hard
Canada_Pony_0,Canada,Pony,"[""Canada"", ""Horse"", ""Pony""]",299,534,"[""Canada"", ""United_States"", ""American_English""]",5279,3952,,0,0,,0,0,Hard
AIDS_Tour_de_France_0,AIDS,Tour_de_France,,0,0,"[""AIDS"", ""Europe"", ""France"", ""Paris"", ""Tour_de_France""]",3328,1949,"[""AIDS"", ""France""]",6750,1867,"[""AIDS"", ""France"", ""Paris"", ""Tour_de_France""]",5501,4730,Hard
Cereal_Kurt_Cobain_0,Cereal,Kurt_Cobain,,0,0,"[""Cereal"", ""United_States"", ""Seattle,_Washington"", ""Nirvana_(band)"", ""Kurt_Cobain""]",3615,2211,"[""Cereal"", ""United_States"", ""Seattle,_Washington"", ""Nirvana_(band)"", ""Kurt_Cobain""]",7251,2874,"[""Cereal"", ""United_States"", ""Seattle,_Washington"", ""Nirvana_(band)"", ""Kurt_Cobain""]",10221,7648,Hard
Christianity_Natalie_Portman_0,Christianity,Natalie_Portman,"[""Christianity"", ""Religion"", ""Cinema"", ""Hollywood"", ""Actors"", ""Natalie Portman""]",302,1766,"[""Christianity"", ""Middle_East"", ""Israel"", ""Jerusalem"", ""Natalie_Portman""]",3191,3489,"[""Christianity"", ""Paul_of_Tarsus""]",10393,3216,"[""Christianity"", ""Middle_East"", ""Hebrew_language"", ""Judaism"", ""Jew"", ""Jerusalem"", ""Natalie_Portman""]",55111,43445,Hard
Colombia_Menthol_0,Colombia,Menthol,,0,0,"[""Colombia"", ""Latin_America""]",3688,3986,"[""Colombia"", ""Andes"", ""Galeras""]",3408,1527,,0,0,Hard
Napoleonic_Wars_Superman_0,Napoleonic_Wars,Superman,"[""Napoleonic Wars"", ""Napoleon Bonaparte"", ""France"", ""French culture"", ""French comics"", ""Comic book"", ""Superhero"", ""Superman""]",303,1737,"[""Napoleonic_Wars"", ""United_States""]",3982,2946,"[""Napoleonic_Wars"", ""United_States"", ""Film""]",9630,3394,,0,0,Hard
Batman_Wikisource_0,Batman,Wikisource,"[""Batman"", ""Batman (character)"", ""Comic book character"", ""Comic book"", ""Wikipedia"", ""Wikimedia"", ""Wikisource""]",300,1732,"[""Batman"", ""Superman"", ""Newspaper""]",2842,3877,"[""Batman"", ""Chemistry""]",8364,2707,,0,0,Hard
Christianity_Coconut_crab_0,Christianity,Coconut_crab,"[""Christianity"", ""Christianity in Indonesia"", ""Indonesia"", ""Coconut"", ""Coconut crab""]",302,1062,"[""Christianity"", ""Philippines""]",3764,3806,,0,0,"[""Christianity"", ""Oceania"", ""Christmas_Island"", ""Coconut_crab""]",4058,4303,Hard
David_Beckham_Frog_0,David_Beckham,Frog,,0,0,,0,0,,0,0,,0,0,Hard
Geometry_Volleyball_0,Geometry,Volleyball,"[""Geometry"", ""Mathematics"", ""Statistics"", ""Sports statistics"", ""Volleyball""]",299,1187,"[""Geometry"", ""Physics""]",3661,4704,"[""Geometry"", ""Physics""]",8337,2558,"[""Geometry"", ""Mathematics"", ""Statistics"", ""Measurement"", ""United_States"", ""Basketball"", ""Volleyball""]",22171,20506,Hard
Brain_Telephone_1,Brain,Telephone,"[""Brain"", ""Human brain"", ""Human"", ""Communication"", ""Telephone""]",298,1327,"[""Brain"", ""Computer_science"", ""Internet"", ""World_Wide_Web"", ""Telephone""]",2057,3184,,0,0,"[""Brain"", ""Computer_science"", ""Information"", ""Communication"", ""Telephone""]",9969,9928,Medium
Theatre_Zebra_1,Theatre,Zebra,"[""Theatre"", ""Theatre of the Absurd"", ""Absurdism"", ""Philosophy"", ""Philosophy of science"", ""Science"", ""Biology"", ""Zoology"", ""Zebra""]",300,1896,"[""Theatre"", ""Music"", ""Culture"", ""Nature"", ""Mammal"", ""Zebra""]",2790,3106,"[""Theatre"", ""Dance"", ""Animal"", ""Mammal"", ""Zebra""]",5707,3298,"[""Theatre"", ""Music"", ""Culture"", ""Africa"", ""Giraffe"", ""Mammal"", ""Zebra""]",40373,36305,Medium
Asteroid_Viking_1,Asteroid,Viking,"[""Asteroid"", ""Mars"", ""Viking (spacecraft)"", ""Viking (disambiguation)"", ""Viking""]",300,1534,"[""Asteroid"", ""Mars""]",4568,3321,,0,0,"[""Asteroid"", ""Earth"", ""Norse_mythology"", ""Denmark"", ""Viking""]",13455,16680,Medium
Batman_Wood_1,Batman,Wood,"[""Batman"", ""Bruce Wayne"", ""Wayne Manor"", ""House (architecture)"", ""Wood""]",298,1919,,0,0,"[""Batman"", ""Chemistry"", ""Biology"", ""Plant"", ""Wood""]",5351,2222,"[""Batman"", ""Chemistry"", ""Fire"", ""Wood""]",3633,3701,Medium
Beer_Sun_1,Beer,Sun,"[""Beer"", ""Alcohol"", ""Fermentation"", ""Oenology"", ""Wine"", ""Grape"", ""Plant"", ""Photosynthesis"", ""Sun""]",298,584,"[""Beer"", ""Water"", ""Sun""]",1537,598,"[""Beer"", ""Sugar""]",9144,2898,"[""Beer"", ""Ethanol"", ""Hydrogen"", ""Sun""]",3837,3972,Medium
Batman_Banana_1,Batman,Banana,,0,0,"[""Batman"", ""Chemistry"", ""Biology"", ""Plant"", ""Fruit"", ""Banana""]",2786,3348,"[""Batman"", ""Spring_Heeled_Jack"", ""Moon"", ""Potassium"", ""Fruit"", ""Banana""]",6609,1519,"[""Batman"", ""Chemistry"", ""Biology"", ""Plant"", ""Fruit"", ""Banana""]",19488,15176,Medium
Cat_Computer_1,Cat,Computer,"[""Cat"", ""Domestic cat"", ""Mammal"", ""Vertebrate"", ""Animal"", ""Biology"", ""Computer science"", ""Computer""]",298,580,"[""Cat"", ""Scientific_classification"", ""Human"", ""Technology"", ""Computer""]",2471,2403,"[""Cat"", ""Sound""]",11990,3771,"[""Cat"", ""Scientific_classification"", ""Evolution"", ""Computer""]",7287,5266,Medium
Cat_Microsoft_1,Cat,Microsoft,"[""Cat"", ""Animal"", ""Science"", ""Technology"", ""Computer"", ""Microsoft""]",298,769,"[""Cat"", ""Animal"", ""Human"", ""Technology"", ""Computer"", ""Microsoft_Windows"", ""Windows_XP"", ""Microsoft""]",3879,2880,"[""Cat"", ""Color"", ""Language"", ""Computer_science"", ""Computer_programming"", ""Microsoft_Windows"", ""Microsoft""]",7185,2838,"[""Cat"", ""Mammal"", ""20th_century"", ""Internet"", ""Microsoft""]",16488,12947,Medium
Dog_Telephone_1,Dog,Telephone,"[""Dog"", ""Domestic animal"", ""Animal"", ""Animal behavior"", ""Animal communication"", ""Communication"", ""Telephone""]",298,1476,"[""Dog"", ""Animal"", ""Organism"", ""Human"", ""Communication"", ""Telephone""]",2982,3025,"[""Dog"", ""Africa"", ""Language"", ""Sound"", ""Music"", ""Communication"", ""Television"", ""Telecommunication"", ""Telephone""]",11295,3167,"[""Dog"", ""Mammal"", ""20th_century"", ""Telephone""]",5837,4864,Medium
Dog_Venus_1,Dog,Venus,"[""Dog"", ""Mammal"", ""Animal"", ""Biology"", ""Science"", ""Natural science"", ""Physical science"", ""Astronomy"", ""Planet"", ""Venus""]",299,1554,"[""Dog"", ""Animal"", ""Carbon_dioxide"", ""Earth's_atmosphere"", ""Greenhouse_effect"", ""Venus""]",2549,2383,"[""Dog"", ""Peru"", ""Amazon_Rainforest""]",9907,4480,"[""Dog"", ""Scientific_classification"", ""Aristotle"", ""Astronomy"", ""Venus""]",10330,8042,Medium
Aluminium_chloride_Parrot_1,Aluminium_chloride,Parrot,,0,0,"[""Aluminium_chloride"", ""Chlorine"", ""Human"", ""Animal"", ""Chordate"", ""Bird"", ""Parrot""]",3511,5336,"[""Aluminium_chloride"", ""Benzene"", ""Carbon"", ""Plant"", ""Animal"", ""Bird"", ""Parrot""]",8907,3961,"[""Aluminium_chloride"", ""Chlorine"", ""Color"", ""Bird"", ""Parrot""]",11947,12398,Medium
Batman_Bible_1,Batman,Bible,"[""Batman"", ""DC Comics"", ""Comic book"", ""Fantasy"", ""Mythology"", ""Religion"", ""Bible""]",298,1596,"[""Batman"", ""Crime"", ""Religion"", ""Jesus"", ""Christianity"", ""Bible""]",2805,1622,"[""Batman"", ""Crime"", ""Religion"", ""Bible""]",3623,1120,"[""Batman"", ""Scotland"", ""Religion"", ""Bible""]",4500,3151,Medium
England_God_1,England,God,"[""England"", ""Religion in England"", ""Christianity"", ""God""]",298,482,"[""England"", ""Church_of_England"", ""Christianity"", ""Religion"", ""God""]",3130,1404,"[""England"", ""Christianity"", ""Jesus"", ""God""]",5481,1176,"[""England"", ""Hinduism"", ""God""]",3380,1438,Medium
Art_Mango_1,Art,Mango,"[""Art"", ""Culture"", ""Food"", ""Fruit"", ""Mango""]",299,1111,"[""Art"", ""Australia"", ""Asia"", ""India"", ""Mango""]",3299,2395,"[""Art"", ""Oman"", ""Sultan"", ""Sumatra"", ""India"", ""Hindi"", ""Himalayas"", ""Sikkim"", ""Banana"", ""Fruit"", ""Mango""]",15373,5150,"[""Art"", ""Painting"", ""India"", ""Mango""]",4246,5044,Medium
14th_century_Rainbow_1,14th_century,Rainbow,"[""14th_century"", ""European art"", ""Painting"", ""Color"", ""Rainbow""]",301,1316,"[""14th_century"", ""Renaissance""]",4733,3762,,0,0,"[""14th_century"", ""Renaissance"", ""Aesthetics"", ""Color"", ""Rainbow""]",8986,8133,Medium
Electricity_God_1,Electricity,God,"[""Electricity"", ""Physics"", ""Philosophy"", ""Theology"", ""God""]",299,490,"[""Electricity"", ""Ancient_Greece"", ""Ancient_Rome"", ""Roman_mythology"", ""Jupiter_(mythology)"", ""Zeus"", ""Religion"", ""God""]",4012,2386,"[""Electricity"", ""Ancient_Greece"", ""Ancient_Rome"", ""Christianity"", ""Jesus"", ""God""]",8158,2253,"[""Electricity"", ""Physics"", ""Philosophy"", ""Religion"", ""God""]",14278,9751,Medium
Archbishop_of_Canterbury_Vietnam_1,Archbishop_of_Canterbury,Vietnam,"[""Archbishop of Canterbury"", ""Canterbury"", ""England"", ""United Kingdom"", ""United Kingdom\u2013Vietnam relations"", ""Vietnam""]",303,1117,"[""Archbishop_of_Canterbury"", ""England"", ""France"", ""China"", ""Vietnam""]",3414,1998,"[""Archbishop_of_Canterbury"", ""Rome"", ""Japan"", ""Asia"", ""Vietnam""]",6963,2097,"[""Archbishop_of_Canterbury"", ""Roman_Catholic_Church"", ""Asia"", ""Vietnam""]",4360,4126,Medium
Batman_Vitamin_D_1,Batman,Vitamin_D,,0,0,"[""Batman"", ""Chemistry"", ""Biology"", ""Medicine"", ""Health"", ""Food"", ""Vitamin_D""]",3117,2135,"[""Batman"", ""Chemistry"", ""Biology"", ""Medicine"", ""Health"", ""Nutrition"", ""Vitamin_D""]",7849,3708,"[""Batman"", ""Chemistry"", ""Medicine"", ""Health"", ""Nutrition"", ""Vitamin_D""]",19011,16469,Medium
China_Moon_1,China,Moon,"[""China"", ""Chinese space program"", ""Chinese lunar exploration"", ""Chang'e\u00a04"", ""Moon""]",298,244,"[""China"", ""United_Nations"", ""International_law"", ""League_of_Nations"", ""United_States"", ""Apollo_11"", ""Moon""]",5392,4511,"[""China"", ""United_States"", ""Apollo_11"", ""Moon""]",6060,1375,"[""China"", ""United_States"", ""Apollo_11"", ""Moon""]",6741,2442,Medium
Achilles_tendon_Ivory_1,Achilles_tendon,Ivory,,0,0,"[""Achilles_tendon"", ""Latin""]",7126,8126,"[""Achilles_tendon"", ""Latin""]",13145,5066,,0,0,Medium
Pyramid_Bean_1,Pyramid,Bean,"[""Pyramid"", ""Pyramid (Python web framework)"", ""Python (programming language)"", ""Programming language"", ""Java (programming language)"", ""JavaBeans"", ""Bean""]",299,1927,"[""Pyramid"", ""Egyptian_pyramids"", ""Ancient_Egypt"", ""Agriculture"", ""Soybean"", ""Plant"", ""Seed"", ""Bean""]",3876,4018,,0,0,"[""Pyramid"", ""Great_Pyramid_of_Giza"", ""Agriculture"", ""Pea"", ""Bean""]",9320,9745,Hard
Aircraft_Google_1,Aircraft,Google,"[""Aircraft"", ""Aerospace"", ""Technology"", ""Internet"", ""Search engine"", ""Google""]",298,867,"[""Aircraft"", ""Russia"", ""United_States"", ""Computer"", ""World_Wide_Web"", ""Google""]",4349,2940,,0,0,"[""Aircraft"", ""United_Kingdom"", ""Computer"", ""World_Wide_Web"", ""Google""]",14426,11686,Hard
Computer_Fruit_1,Computer,Fruit,"[""Computer"", ""Technology"", ""Science"", ""Biology"", ""Botany"", ""Plant"", ""Fruit""]",298,1612,"[""Computer"", ""Internet"", ""Information"", ""DNA"", ""Plant"", ""Flower"", ""Fruit""]",3159,5307,,0,0,,0,0,Hard
Batman_Penguin_1,Batman,Penguin,"[""Batman"", ""Batman villains"", ""Penguin (character)"", ""Penguin""]",299,1633,"[""Batman"", ""Crime"", ""International_law"", ""League_of_Nations"", ""Africa"", ""South_Africa"", ""Atlantic_Ocean"", ""Antarctica"", ""Penguin""]",6002,6628,,0,0,,0,0,Hard
Calculus_Lemon_1,Calculus,Lemon,,0,0,"[""Calculus"", ""Mathematics"", ""Science"", ""Chemistry"", ""Water"", ""Acetic_acid"", ""Food"", ""Vitamin_C"", ""Lemon""]",4915,6467,"[""Calculus"", ""Business"", ""Wall_Street"", ""Star_Trek"", ""Milky_Way"", ""Galaxy"", ""Star"", ""Color"", ""Fruit"", ""Citrus"", ""Lemon""]",14430,6253,,0,0,Hard
George_W._Bush_Monkey_1,George_W._Bush,Monkey,"[""George_W._Bush"", ""Pope_John_Paul_II"", ""Catholic_Church"", ""Religion"", ""Philosophy"", ""Science"", ""Biology"", ""Animal"", ""Mammal"", ""Primates"", ""Monkey""]",301,1862,"[""George_W._Bush"", ""Creationism"", ""Evolution"", ""Chimpanzee"", ""Mammal""]",5095,3777,"[""George_W._Bush"", ""United_States"", ""Guinea""]",15601,6689,,0,0,Hard
Batman_Coconut_crab_1,Batman,Coconut_crab,"[""Batman"", ""DC Comics"", ""Comic book"", ""Book"", ""Library"", ""Science"", ""Biology"", ""Animal"", ""Arthropod"", ""Crustacean"", ""Crab"", ""Coconut crab""]",301,2000,"[""Batman"", ""Chemistry"", ""Biology""]",5785,5828,"[""Batman"", ""Spring_Heeled_Jack""]",15614,5944,"[""Batman"", ""Chemistry"", ""Biology"", ""Animal"", ""Scientific_classification"", ""Arthropod"", ""Coconut_crab""]",35761,35782,Hard
Batman_Peanut_1,Batman,Peanut,,0,0,"[""Batman"", ""Crime"", ""Economics"", ""United_States"", ""Florida"", ""Fruit"", ""Peanut""]",4669,4088,"[""Batman"", ""Superman"", ""Seinfeld"", ""United_States"", ""Potato"", ""Plant"", ""Rice"", ""Seed"", ""Peanut""]",11982,4296,,0,0,Hard
Cat_University_1,Cat,University,"[""Cat"", ""Felis catus"", ""Mammal"", ""Vertebrate"", ""Animal"", ""University""]",298,680,"[""Cat"", ""Animal"", ""Human"", ""Organization"", ""University""]",2418,1938,,0,0,"[""Cat"", ""Evolution"", ""Science"", ""University""]",8840,10250,Hard
God_Apple_1,God,Apple,"[""God"", ""Christianity"", ""Bible"", ""Genesis"", ""Creation"", ""Nature"", ""Plant"", ""Fruit"", ""Apple""]",298,1193,"[""God"", ""United_States"", ""California"", ""Fruit"", ""Apple""]",3634,2034,"[""God"", ""United_States"", ""Computer""]",9914,2847,"[""God"", ""Bible"", ""Latin"", ""English_language"", ""American_English"", ""United_States"", ""California"", ""Fruit"", ""Apple""]",115120,100091,Hard
Canada_Pony_1,Canada,Pony,"[""Canada"", ""Horse"", ""Pony""]",299,371,"[""Canada"", ""English_language"", ""Old_English_language"", ""Viking"", ""Shetland"", ""Scotland"", ""Agriculture"", ""Horse"", ""Pony""]",5560,5345,,0,0,,0,0,Hard
AIDS_Tour_de_France_1,AIDS,Tour_de_France,"[""AIDS"", ""HIV"", ""Human"", ""Human body"", ""Blood"", ""Medicine"", ""Sports medicine"", ""Sports"", ""Cycling"", ""Tour de France""]",302,882,"[""AIDS"", ""France"", ""Paris"", ""Tour_de_France""]",2224,1188,"[""AIDS"", ""Belgium"", ""France"", ""Lyon"", ""Paris"", ""Tour_de_France""]",8250,1965,"[""AIDS"", ""Europe"", ""Paris"", ""Tour_de_France""]",9192,4939,Hard
Cereal_Kurt_Cobain_1,Cereal,Kurt_Cobain,"[""Cereal"", ""Breakfast"", ""Morning"", ""1990s"", ""Nirvana (band)"", ""Kurt Cobain""]",303,845,"[""Cereal"", ""United_States"", ""Music_of_the_United_States"", ""Nirvana_(band)"", ""Kurt_Cobain""]",3669,2727,"[""Cereal"", ""United_States"", ""American_popular_music"", ""Nirvana_(band)"", ""Kurt_Cobain""]",7243,1736,"[""Cereal"", ""United_Kingdom"", ""The_Beatles"", ""Kurt_Cobain""]",9061,8229,Hard
Christianity_Natalie_Portman_1,Christianity,Natalie_Portman,"[""Christianity"", ""Christianity in the United States"", ""United States"", ""Harvard University"", ""Harvard College"", ""Harvard University alumni"", ""Natalie Portman""]",302,1325,"[""Christianity"", ""Roman_Catholic_Church"", ""Pope"", ""Israel"", ""Jew"", ""Judaism"", ""Jerusalem"", ""Natalie_Portman""]",5005,5627,"[""Christianity"", ""Paul_of_Tarsus""]",16988,5907,,0,0,Hard
Colombia_Menthol_1,Colombia,Menthol,,0,0,,0,0,"[""Colombia"", ""Mestizo""]",14230,8255,,0,0,Hard
Napoleonic_Wars_Superman_1,Napoleonic_Wars,Superman,"[""Napoleonic Wars"", ""War of 1812"", ""United States"", ""American comics"", ""DC Comics"", ""Superman""]",303,1087,"[""Napoleonic_Wars"", ""Great_Britain""]",9381,9208,,0,0,,0,0,Hard
Batman_Wikisource_1,Batman,Wikisource,"[""Batman"", ""Wikimedia Commons"", ""Wikimedia"", ""Wikisource""]",300,1153,"[""Batman"", ""Superman"", ""Earth""]",6503,6945,,0,0,,0,0,Hard
Christianity_Coconut_crab_1,Christianity,Coconut_crab,"[""Christianity"", ""Fish"", ""Marine biology"", ""Crustacean"", ""Decapoda"", ""Coconut crab""]",302,1612,"[""Christianity"", ""Philippines""]",4831,6688,,0,0,"[""Christianity"", ""Religion"", ""Peru"", ""Pacific_Ocean"", ""Vanuatu"", ""Fishing"", ""Crustacean"", ""Arthropod"", ""Coconut_crab""]",116434,113696,Hard
David_Beckham_Frog_1,David_Beckham,Frog,"[""David_Beckham"", ""Dog"", ""Vertebrate"", ""Amphibian"", ""Frog""]",303,1871,"[""David_Beckham"", ""Football_(soccer)"", ""Trinity_College,_Cambridge"", ""University_of_Cambridge"", ""Science"", ""Biology"", ""Animal"", ""Australian_Green_Tree_Frog"", ""Frog""]",4245,4357,"[""David_Beckham"", ""Israel""]",15574,7080,"[""David_Beckham"", ""Chelsea_F.C."", ""Football_(soccer)"", ""Europe"", ""Carnivore"", ""Frog""]",29823,34115,Hard
Geometry_Volleyball_1,Geometry,Volleyball,"[""Geometry"", ""Mathematics"", ""Sports"", ""Volleyball""]",299,753,"[""Geometry"", ""Physics""]",3654,3553,"[""Geometry"", ""Physics"", ""Bridge"", ""United_States"", ""Sport"", ""Football"", ""Basketball"", ""Volleyball""]",11617,3262,"[""Geometry"", ""Physics"", ""Motion_(physics)"", ""Force"", ""Bicycle"", ""Sport"", ""Olympic_Games"", ""Volleyball""]",37089,35517,Hard
Brain_Telephone_2,Brain,Telephone,"[""Brain"", ""Cognitive Science"", ""Communication"", ""Telecommunication"", ""Telephone""]",298,458,"[""Brain"", ""Computer_science"", ""Information"", ""Communication"", ""Telephone""]",1954,3017,"[""Brain"", ""Computer_science"", ""Internet"", ""Information"", ""Communication"", ""Telephone""]",6746,3104,"[""Brain"", ""Mind"", ""History_of_science"", ""Telecommunication"", ""Telephone""]",9364,6829,Medium
Theatre_Zebra_2,Theatre,Zebra,"[""Theatre"", ""Stage"", ""Stage design"", ""Design"", ""Visual arts"", ""Paintings"", ""Landscape painting"", ""Landscape"", ""Nature"", ""Wildlife"", ""Zebra""]",300,1161,"[""Theatre"", ""Paris"", ""Africa"", ""Herbivore"", ""Animal"", ""Mammal"", ""Zebra""]",4256,3482,"[""Theatre"", ""Music"", ""Sound""]",12511,6726,"[""Theatre"", ""United_States"", ""Turkey_(bird)"", ""Chordate"", ""Mammal"", ""Zebra""]",28557,21990,Medium
Asteroid_Viking_2,Asteroid,Viking,"[""Asteroid"", ""Solar System"", ""Mars"", ""Mars lander"", ""Viking""]",300,686,"[""Asteroid"", ""Mars"", ""Mars_Exploration_Rover"", ""Radar"", ""Radio"", ""Radio_frequency"", ""Bluetooth"", ""Viking""]",3440,4569,,0,0,"[""Asteroid"", ""Solar_System"", ""Earth"", ""Norse_mythology"", ""Norway"", ""Viking""]",19479,20362,Medium
Batman_Wood_2,Batman,Wood,,0,0,"[""Batman"", ""Scotland"", ""Great_Britain"", ""United_Kingdom"", ""Wales"", ""English_language"", ""Language"", ""Biology"", ""Plant"", ""Wood""]",6664,6352,"[""Batman"", ""Chemistry"", ""Steel"", ""Water"", ""Fire"", ""Wood""]",7106,3116,"[""Batman"", ""Superman"", ""Film"", ""Piano"", ""Ebony"", ""Wood""]",26110,33607,Medium
Beer_Sun_2,Beer,Sun,"[""Beer"", ""Malt"", ""Barley"", ""Plant"", ""Photosynthesis"", ""Sun""]",298,1277,"[""Beer"", ""Ethanol"", ""Water"", ""Cloud"", ""Solar_System"", ""Sun""]",3247,3921,"[""Beer"", ""Water"", ""Sunlight"", ""Sun""]",4806,1597,"[""Beer"", ""Water"", ""Sun""]",4085,3811,Medium
Batman_Banana_2,Batman,Banana,,0,0,"[""Batman"", ""Chemistry"", ""Biology"", ""Plant"", ""Fruit"", ""Banana""]",2786,1885,,0,0,"[""Batman"", ""Chemistry"", ""Biology"", ""Botany"", ""Fruit"", ""Banana""]",18605,16051,Medium
Cat_Computer_2,Cat,Computer,,0,0,"[""Cat"", ""Animal""]",2196,3894,,0,0,"[""Cat"", ""Animal"", ""Human"", ""Technology"", ""Computer""]",9914,5773,Medium
Cat_Microsoft_2,Cat,Microsoft,"[""Cat"", ""Internet"", ""Microsoft""]",298,639,"[""Cat"", ""Scientific_classification"", ""Apple"", ""United_States"", ""Computer"", ""Internet"", ""Microsoft""]",4721,3791,,0,0,,0,0,Medium
Dog_Telephone_2,Dog,Telephone,"[""Dog"", ""Animal"", ""Biology"", ""Science"", ""Technology"", ""Telecommunications"", ""Telephone""]",298,745,"[""Dog"", ""English_language"", ""American_English"", ""United_States"", ""Electronics"", ""Telephone""]",4428,2461,"[""Dog"", ""Chordate"", ""Animal"", ""Plant"", ""Weed"", ""Sumac"", ""Tobacco"", ""United_Kingdom"", ""Computer"", ""Telephone""]",12051,6684,[],535,870,Medium
Dog_Venus_2,Dog,Venus,"[""Dog"", ""Animal"", ""Biology"", ""Science"", ""Astronomy"", ""Solar system"", ""Venus""]",299,712,"[""Dog"", ""Chordate"", ""Animal"", ""Carbon_dioxide"", ""Greenhouse_effect"", ""Venus""]",2471,2758,"[""Dog"", ""Fossil"", ""Amber"", ""Aristotle"", ""Astronomy"", ""Planet"", ""Venus""]",9334,3083,"[""Dog"", ""Ammonia"", ""Carbon_dioxide"", ""Greenhouse_effect"", ""Venus""]",12405,12741,Medium
Aluminium_chloride_Parrot_2,Aluminium_chloride,Parrot,,0,0,,0,0,,0,0,"[""Aluminium_chloride"", ""Aluminium"", ""Australia"", ""Biodiversity"", ""Bird"", ""Parrot""]",17838,17579,Medium
Batman_Bible_2,Batman,Bible,"[""Batman"", ""DC Comics"", ""Comic book"", ""Book"", ""Text"", ""Bible""]",298,725,"[""Batman"", ""Scotland"", ""Religion"", ""Christianity"", ""Bible""]",2602,1180,,0,0,"[""Batman"", ""Superman"", ""Judaism"", ""Bible""]",8331,4353,Medium
England_God_2,England,God,"[""England"", ""United Kingdom"", ""Religion"", ""God""]",298,655,"[""England"", ""Christianity"", ""Jesus"", ""God""]",2618,966,"[""England"", ""Christianity"", ""Jesus"", ""Trinity"", ""God""]",6941,822,"[""England"", ""Islam"", ""Religion"", ""God""]",5508,3020,Medium
Art_Mango_2,Art,Mango,"[""Art"", ""Culture"", ""Indian culture"", ""India"", ""Mango""]",299,1832,"[""Art"", ""Painting"", ""India"", ""Mango""]",2179,2177,"[""Art"", ""Color"", ""Fruit"", ""Mango""]",4501,1433,"[""Art"", ""Australia"", ""Asia"", ""India"", ""Mango""]",13061,11466,Medium
14th_century_Rainbow_2,14th_century,Rainbow,,0,0,"[""14th_century"", ""Renaissance"", ""Art"", ""Color"", ""Rainbow""]",2336,2991,"[""14th_century"", ""Renaissance"", ""Raphael"", ""Painting"", ""Glass"", ""Color"", ""Light"", ""Rainbow""]",10739,3458,"[""14th_century"", ""Renaissance"", ""Art"", ""Color"", ""Rainbow""]",10109,10261,Medium
Electricity_God_2,Electricity,God,"[""Electricity"", ""Energy"", ""Physics"", ""Science"", ""Philosophy"", ""Metaphysics"", ""Theism"", ""God""]",299,730,"[""Electricity"", ""Ancient_Greece"", ""Plato"", ""Ethics"", ""Philosophy"", ""Religion"", ""Deity"", ""God""]",4233,2327,"[""Electricity"", ""Light"", ""Time"", ""God""]",4632,2540,"[""Electricity"", ""Physics"", ""Philosophy"", ""Religion"", ""God""]",16952,11872,Medium
Archbishop_of_Canterbury_Vietnam_2,Archbishop_of_Canterbury,Vietnam,"[""Archbishop_of_Canterbury"", ""Church_of_England"", ""Anglican_Communion"", ""Anglican_Church_of_Australia"", ""Australia"", ""Asia"", ""Vietnam""]",303,876,"[""Archbishop_of_Canterbury"", ""Roman_Catholic_Church"", ""Pope_John_Paul_II"", ""Cold_War"", ""Vietnam_War"", ""Hanoi"", ""Vietnam""]",3777,3684,"[""Archbishop_of_Canterbury"", ""Rome"", ""Japan"", ""Asia"", ""Vietnam""]",6963,2134,"[""Archbishop_of_Canterbury"", ""Roman_Catholic_Church"", ""Asia"", ""Vietnam""]",8163,7169,Medium
Batman_Vitamin_D_2,Batman,Vitamin_D,,0,0,"[""Batman"", ""Chemistry"", ""Medicine"", ""Health"", ""Nutrition"", ""Vitamin_D""]",2557,2348,,0,0,,0,0,Medium
China_Moon_2,China,Moon,"[""China"", ""Chinese space program"", ""Chinese lunar program"", ""Lunar Orbiter"", ""Moon""]",298,928,"[""China"", ""United_Nations"", ""United_States"", ""Moon""]",3701,2413,"[""China"", ""Pi"", ""Sphere"", ""Earth"", ""Moon""]",5960,1127,"[""China"", ""United_States"", ""Neil_Armstrong"", ""Moon""]",8627,5788,Medium
Achilles_tendon_Ivory_2,Achilles_tendon,Ivory,,0,0,"[""Achilles_tendon"", ""Latin""]",6318,5915,"[""Achilles_tendon"", ""Achilles"", ""Ethiopia""]",13669,5893,,0,0,Medium
Pyramid_Bean_2,Pyramid,Bean,"[""Pyramid"", ""Egyptian pyramid"", ""Egypt"", ""Egyptian cuisine"", ""Fava bean"", ""Bean""]",299,1267,"[""Pyramid"", ""Mexico""]",5556,6376,"[""Pyramid"", ""Great_Pyramid_of_Giza"", ""Agriculture"", ""Pea"", ""Bean""]",5316,1690,,0,0,Hard
Aircraft_Google_2,Aircraft,Google,"[""Aircraft"", ""Avionics"", ""Computer"", ""Internet"", ""Google""]",298,1292,,0,0,"[""Aircraft"", ""United_Kingdom"", ""Computer""]",11864,3238,,0,0,Hard
Computer_Fruit_2,Computer,Fruit,"[""Computer"", ""Apple\u202fInc."", ""Apple (fruit)"", ""Fruit""]",298,839,"[""Computer"", ""Internet"", ""Brazil"", ""Agriculture"", ""Fruit""]",2398,2254,,0,0,"[""Computer"", ""Toy"", ""Apple"", ""Fruit""]",4323,4094,Hard
Batman_Penguin_2,Batman,Penguin,"[""Batman"", ""Penguin""]",299,234,"[""Batman"", ""Crime"", ""Family"", ""United_States"", ""Antarctica"", ""Emperor_Penguin"", ""Penguin""]",4396,3424,"[""Batman"", ""Spring_Heeled_Jack"", ""Moon""]",12187,3548,"[""Batman"", ""Superman"", ""Television"", ""New_Zealand"", ""Antarctica"", ""Penguin""]",20970,19104,Hard
Calculus_Lemon_2,Calculus,Lemon,"[""Calculus"", ""Mathematics"", ""Science"", ""Biology"", ""Plant"", ""Citrus"", ""Lemon""]",300,1093,"[""Calculus"", ""Science"", ""Chemistry"", ""Carbon"", ""Fruit"", ""Citrus"", ""Lemon""]",3321,3396,"[""Calculus"", ""Mathematics"", ""Language""]",14980,6342,"[""Calculus"", ""Biology"", ""Botany"", ""Fruit"", ""Citrus"", ""Lemon""]",27329,26242,Hard
George_W._Bush_Monkey_2,George_W._Bush,Monkey,,0,0,"[""George_W._Bush"", ""United_States""]",8576,5808,"[""George_W._Bush"", ""United_States"", ""Guinea"", ""Senegal"", ""The_Gambia"", ""Africa"", ""Human"", ""Ape"", ""Monkey""]",14843,4777,,0,0,Hard
Batman_Coconut_crab_2,Batman,Coconut_crab,,0,0,,0,0,"[""Batman"", ""Superman"", ""Earth""]",14116,5546,,0,0,Hard
Batman_Peanut_2,Batman,Peanut,,0,0,"[""Batman"", ""Chemistry"", ""Genetics"", ""Plant"", ""Seed"", ""Peanut""]",2646,3080,,0,0,"[""Batman"", ""Chemistry"", ""Biology"", ""Plant"", ""Seed"", ""Peanut""]",22169,20686,Hard
Cat_University_2,Cat,University,,0,0,"[""Cat"", ""Evolution"", ""Science"", ""University""]",1802,1126,"[""Cat"", ""Dog"", ""Africa"", ""United_States"", ""Education_in_the_United_States"", ""University""]",10045,2802,"[""Cat"", ""Animal"", ""Human"", ""University""]",4555,3811,Hard
God_Apple_2,God,Apple,"[""God"", ""Theism"", ""Philosophy"", ""Philosophy of science"", ""Science"", ""Biology"", ""Botany"", ""Fruit"", ""Apple""]",298,1494,,0,0,,0,0,,0,0,Hard
Canada_Pony_2,Canada,Pony,"[""Canada"", ""Horse"", ""Pony""]",299,455,"[""Canada"", ""United_States"", ""United_Kingdom""]",7880,5615,,0,0,,0,0,Hard
AIDS_Tour_de_France_2,AIDS,Tour_de_France,"[""AIDS"", ""Human immunodeficiency virus"", ""HIV infection"", ""AIDS pandemic"", ""World Health Organization"", ""United Nations"", ""UNESCO"", ""World Heritage Sites"", ""France"", ""Tour_de_France""]",302,918,"[""AIDS"", ""France""]",2890,1792,"[""AIDS"", ""France"", ""Paris"", ""Tourism"", ""Tour_de_France""]",6750,2248,"[""AIDS"", ""Belgium"", ""Tour_de_France""]",3407,1984,Hard
Cereal_Kurt_Cobain_2,Cereal,Kurt_Cobain,,0,0,"[""Cereal"", ""United_States"", ""American_popular_music"", ""Nirvana_(band)"", ""Kurt_Cobain""]",3572,1575,,0,0,"[""Cereal"", ""United_States"", ""American_popular_music"", ""Nirvana_(band)"", ""Kurt_Cobain""]",11616,7139,Hard
Christianity_Natalie_Portman_2,Christianity,Natalie_Portman,"[""Christianity"", ""United States of America"", ""Hollywood"", ""Black Swan"", ""Natalie Portman""]",302,1299,"[""Christianity"", ""Jew"", ""Israel""]",8104,9137,"[""Christianity"", ""Paul_of_Tarsus""]",13110,5283,"[""Christianity"", ""Judaism"", ""Jerusalem"", ""Natalie_Portman""]",12028,8071,Hard
Colombia_Menthol_2,Colombia,Menthol,"[""Colombia"", ""South America"", ""Amazon rainforest"", ""Amazon River"", ""River"", ""Water (chemical compound)"", ""Molecule"", ""Organic molecule"", ""Essential oil"", ""Menthol""]",300,1456,"[""Colombia"", ""Latin_America""]",3323,2119,"[""Colombia"", ""Andes"", ""Galeras""]",3408,2256,,0,0,Hard
Napoleonic_Wars_Superman_2,Napoleonic_Wars,Superman,,0,0,"[""Napoleonic_Wars"", ""United_States""]",8239,8621,,0,0,,0,0,Hard
Batman_Wikisource_2,Batman,Wikisource,"[""Batman (character)"", ""Wikipedia"", ""Wikimedia projects"", ""Wikisource""]",300,756,"[""Batman"", ""Crime"", ""Law""]",5536,6315,"[""Batman"", ""Superman""]",13193,5269,,0,0,Hard
Christianity_Coconut_crab_2,Christianity,Coconut_crab,,0,0,"[""Christianity"", ""Oceania""]",6284,7607,"[""Christianity"", ""Philippines""]",15633,7483,"[""Christianity"", ""Philippines"", ""Guam"", ""Invasive_species"", ""Australia"", ""Christmas_Island"", ""Coconut_crab""]",29996,29551,Hard
David_Beckham_Frog_2,David_Beckham,Frog,,0,0,"[""David_Beckham"", ""England""]",5143,6442,"[""David_Beckham"", ""Israel"", ""Science"", ""Biology"", ""Eukaryote"", ""Animal"", ""Australian_Green_Tree_Frog"", ""Frog""]",10447,3050,"[""David_Beckham"", ""England"", ""United_Kingdom"", ""DNA"", ""Animal"", ""Australian_Green_Tree_Frog"", ""Frog""]",33979,35699,Hard
Geometry_Volleyball_2,Geometry,Volleyball,"[""Geometry"", ""Mathematics"", ""Sports"", ""Volleyball""]",299,430,"[""Geometry"", ""Symmetry""]",6355,6005,"[""Geometry"", ""Physics"", ""Acceleration"", ""Earth"", ""Europe"", ""France"", ""Italy"", ""Milan"", ""Basketball"", ""Olympic_Games"", ""Volleyball""]",15745,4873,"[""Geometry"", ""Mathematics"", ""Game_theory"", ""Economics"", ""United_States"", ""Olympic_Games"", ""Volleyball""]",36604,25339,Hard
Brain_Telephone_3,Brain,Telephone,"[""Brain"", ""Neural network"", ""Artificial neural network"", ""Machine learning"", ""Artificial intelligence"", ""Speech recognition"", ""Speech"", ""Telephone""]",298,1296,"[""Brain"", ""Psychology"", ""Language"", ""Communication"", ""Telephone""]",2049,1372,"[""Brain"", ""Medicine"", ""Computer"", ""Telephone""]",4911,1445,"[""Brain"", ""Computer_science"", ""Information"", ""Communication"", ""Telephone""]",7213,7764,Medium
Theatre_Zebra_3,Theatre,Zebra,,0,0,"[""Theatre"", ""Aristotle"", ""Biology"", ""Biodiversity"", ""Africa"", ""Carnivore"", ""Animal"", ""Mammal"", ""Zebra""]",5099,4516,"[""Theatre"", ""Dance""]",9505,2280,"[""Theatre"", ""France"", ""Kenya"", ""Africa"", ""Giraffe"", ""Mammal"", ""Zebra""]",22229,15137,Medium
Asteroid_Viking_3,Asteroid,Viking,"[""Asteroid"", ""Minor planet"", ""NASA"", ""NASA program"", ""Viking program""]",300,1267,"[""Asteroid"", ""Earth"", ""Apollo_8"", ""Saturn_V"", ""Mars"", ""Mars_Exploration_Rover"", ""Geology"", ""20th_century"", ""10th_century"", ""Viking""]",5345,6485,"[""Asteroid"", ""Mars"", ""Phoenix_(spacecraft)"", ""Switzerland"", ""Iceland"", ""Viking""]",7445,2790,"[""Asteroid"", ""Mars"", ""Mars_Exploration_Rover"", ""Geology"", ""20th_century"", ""9th_century"", ""Viking""]",29158,31620,Medium
Batman_Wood_3,Batman,Wood,,0,0,"[""Batman"", ""Chemistry"", ""Biology"", ""Botany"", ""Plant"", ""Tree"", ""Wood""]",3327,2618,"[""Batman"", ""Superman""]",9596,4564,"[""Batman"", ""Chemistry"", ""Carbon"", ""Plant"", ""Wood""]",12994,12852,Medium
Beer_Sun_3,Beer,Sun,"[""Beer"", ""Hops"", ""Plant"", ""Sun""]",298,846,,0,0,"[""Beer"", ""Water"", ""Sun""]",3630,1799,"[""Beer"", ""Ethanol"", ""Hydrogen"", ""Sun""]",4068,5396,Medium
Batman_Banana_3,Batman,Banana,,0,0,"[""Batman"", ""Crime"", ""United_States"", ""Agriculture"", ""Fruit"", ""Banana""]",4004,2658,"[""Batman"", ""Spring_Heeled_Jack"", ""Popular_culture"", ""Music"", ""Language"", ""Science"", ""Biology"", ""Plant"", ""Fruit"", ""Banana""]",13448,4688,"[""Batman"", ""Chemistry"", ""Biology"", ""Botany"", ""Fruit"", ""Banana""]",20364,16591,Medium
Cat_Computer_3,Cat,Computer,"[""Cat"", ""Cat (disambiguation)"", ""cat (command)"", ""Unix"", ""Computer""]",298,1530,"[""Cat"", ""Sound"", ""Music"", ""Mathematics"", ""Computer_science"", ""Computer_programming"", ""Linux"", ""Unix"", ""Internet"", ""Microsoft"", ""Computer""]",4730,3784,"[""Cat"", ""Scientific_classification"", ""Apple"", ""United_States"", ""Electronics"", ""Computer""]",9041,3472,"[""Cat"", ""Protein"", ""Computer_science"", ""Alan_Turing"", ""Algorithm"", ""Computer""]",21542,21260,Medium
Cat_Microsoft_3,Cat,Microsoft,,0,0,"[""Cat"", ""Mammal"", ""20th_century"", ""Internet"", ""Microsoft""]",2414,2383,"[""Cat"", ""Color"", ""Art"", ""Mass_media"", ""Technology"", ""Computer_science"", ""Internet"", ""Microsoft""]",10879,4168,"[""Cat"", ""Mammal"", ""20th_century"", ""Internet"", ""Microsoft""]",9636,9290,Medium
Dog_Telephone_3,Dog,Telephone,"[""Dog"", ""Animal communication"", ""Communication"", ""Telephone""]",298,1029,"[""Dog"", ""DNA"", ""Information"", ""Communication"", ""Telephone""]",1927,2141,"[""Dog"", ""Chordate"", ""Animal"", ""Human"", ""Language"", ""Communication"", ""Telephone""]",8765,2983,"[""Dog"", ""English_language"", ""Language"", ""Communication"", ""Telephone""]",9996,6847,Medium
Dog_Venus_3,Dog,Venus,"[""Dog"", ""Mammal"", ""Biology"", ""Earth"", ""Solar System"", ""Venus""]",299,1050,,0,0,"[""Dog"", ""Peru"", ""Amazon_Rainforest""]",15330,8416,,0,0,Medium
Aluminium_chloride_Parrot_3,Aluminium_chloride,Parrot,"[""Aluminium chloride"", ""Aluminium"", ""Chemistry"", ""Science"", ""Biology"", ""Organisms"", ""Animals"", ""Birds"", ""Parrot""]",303,608,"[""Aluminium_chloride"", ""Chlorine"", ""Human""]",5784,5783,"[""Aluminium_chloride"", ""Ytterbium""]",14059,6108,"[""Aluminium_chloride"", ""Ethanol"", ""Brazil"", ""Amazon_Rainforest"", ""Bird"", ""Parrot""]",19678,21139,Medium
Batman_Bible_3,Batman,Bible,"[""Batman"", ""Religion in comics"", ""Religion"", ""Christianity"", ""Bible""]",298,1101,"[""Batman"", ""Chemistry"", ""Alchemy"", ""Christianity"", ""Bible""]",2398,1657,"[""Batman"", ""Crime"", ""Religion"", ""Christianity"", ""Bible""]",5644,1612,"[""Batman"", ""Superman"", ""Judaism"", ""Bible""]",5685,3532,Medium
England_God_3,England,God,"[""England"", ""Christianity"", ""God""]",298,244,"[""England"", ""Christianity"", ""Jesus"", ""God""]",2618,1408,"[""England"", ""Hinduism"", ""God""]",3927,799,"[""England"", ""Christianity"", ""Jesus"", ""God""]",4777,2870,Medium
Art_Mango_3,Art,Mango,"[""Art"", ""Art history"", ""Italian Renaissance"", ""Italian cuisine"", ""Cuisine"", ""Food"", ""Fruit"", ""Mangifera indica"", ""Mango""]",299,1332,"[""Art"", ""Color"", ""Fruit"", ""Mango""]",1656,1817,"[""Art"", ""Color"", ""Fruit"", ""Mango""]",4793,1603,"[""Art"", ""Painting"", ""India"", ""Mango""]",6957,6922,Medium
14th_century_Rainbow_3,14th_century,Rainbow,"[""14th_century"", ""Middle Ages"", ""Science in the Middle Ages"", ""Optics"", ""Rainbow""]",301,991,,0,0,,0,0,,0,0,Medium
Electricity_God_3,Electricity,God,"[""Electricity"", ""Physics"", ""Philosophy of physics"", ""Philosophy"", ""Philosophy of religion"", ""God""]",299,1044,"[""Electricity"", ""Ancient_Greece"", ""Athena"", ""Greek_mythology"", ""Deity"", ""God""]",2849,2070,"[""Electricity"", ""Matter"", ""Magnet"", ""Earth"", ""Deity"", ""God""]",7345,2516,"[""Electricity"", ""Mesopotamia"", ""Religion"", ""God""]",6358,4007,Medium
Archbishop_of_Canterbury_Vietnam_3,Archbishop_of_Canterbury,Vietnam,"[""Archbishop_of_Canterbury"", ""Canterbury"", ""England"", ""Europe"", ""Asia"", ""Vietnam""]",303,974,"[""Archbishop_of_Canterbury"", ""Roman_Catholic_Church"", ""Christianity"", ""Roman_Empire"", ""United_States"", ""Vietnam""]",4477,4216,"[""Archbishop_of_Canterbury"", ""England"", ""France"", ""Thailand"", ""Cambodia"", ""Vietnam""]",8989,4172,"[""Archbishop_of_Canterbury"", ""Roman_Catholic_Church"", ""Asia"", ""Vietnam""]",4173,4791,Medium
Batman_Vitamin_D_3,Batman,Vitamin_D,,0,0,"[""Batman"", ""Chemistry"", ""Medicine"", ""Biology"", ""Human"", ""Ultraviolet"", ""Sunlight"", ""Vitamin_D""]",4081,3022,"[""Batman"", ""Spring_Heeled_Jack"", ""Nature"", ""Ultraviolet"", ""Sun"", ""Vitamin_D""]",7290,3403,"[""Batman"", ""Superman"", ""Sun"", ""Sunlight"", ""Vitamin_D""]",14839,11132,Medium
China_Moon_3,China,Moon,"[""China"", ""People's Republic of China"", ""China National Space Administration"", ""Chinese lunar exploration program"", ""Moon""]",298,880,"[""China"", ""People's_Republic_of_China"", ""Shenzhou_6"", ""Shenzhou_spacecraft"", ""International_Space_Station"", ""Earth"", ""Moon""]",3951,3237,"[""China"", ""Beijing"", ""Great_Wall_of_China"", ""Apollo_11"", ""Moon""]",6704,2282,"[""China"", ""Great_Wall_of_China"", ""Moon""]",2655,2760,Medium
Achilles_tendon_Ivory_3,Achilles_tendon,Ivory,,0,0,"[""Achilles_tendon"", ""Latin"", ""United_States"", ""C\u00f4te_d'Ivoire""]",5048,6226,"[""Achilles_tendon"", ""Latin"", ""Vulgar_Latin""]",17042,5999,,0,0,Medium
Pyramid_Bean_3,Pyramid,Bean,,0,0,"[""Pyramid"", ""Egyptian_pyramids"", ""Ancient_Egypt"", ""Agriculture"", ""Soybean"", ""Plant"", ""Seed"", ""Bean""]",3876,4365,"[""Pyramid"", ""Earth"", ""Plant"", ""Soybean"", ""Peanut"", ""Seed"", ""Pea"", ""Bean""]",11335,4075,"[""Pyramid"", ""Egypt"", ""Cereal"", ""Seed"", ""Bean""]",15425,18528,Hard
Aircraft_Google_3,Aircraft,Google,"[""Aircraft"", ""Boeing"", ""NASA"", ""Information technology"", ""Internet"", ""Google""]",298,1608,"[""Aircraft"", ""United_Kingdom"", ""Computer"", ""Internet"", ""World_Wide_Web"", ""Google""]",3310,2863,"[""Aircraft"", ""Vietnam_War"", ""United_States"", ""Internet"", ""World_Wide_Web"", ""Google""]",9184,2315,,0,0,Hard
Computer_Fruit_3,Computer,Fruit,"[""Computer"", ""Apple Inc."", ""Apple (fruit)"", ""Fruit""]",298,1493,"[""Computer"", ""Computer_and_video_games"", ""Pac-Man"", ""Fruit""]",1537,2492,"[""Computer"", ""Toy"", ""Animal"", ""Water"", ""Agriculture"", ""Vegetable"", ""Food"", ""Cereal"", ""Fruit""]",13105,3527,,0,0,Hard
Batman_Penguin_3,Batman,Penguin,"[""Batman"", ""Penguin""]",299,127,"[""Batman"", ""Crime"", ""Family"", ""Society"", ""Science"", ""Biology"", ""Animal"", ""Vertebrate"", ""Bird"", ""Penguin""]",4494,4146,"[""Batman"", ""Superman"", ""Jew"", ""Geography"", ""Water"", ""Fish"", ""Dolphin"", ""Animal"", ""Magellanic_Penguin"", ""Penguin""]",13304,4992,"[""Batman"", ""Crime"", ""United_States"", ""Antarctica"", ""Penguin""]",12750,14853,Hard
Calculus_Lemon_3,Calculus,Lemon,,0,0,"[""Calculus"", ""Mathematics""]",8981,7316,"[""Calculus"", ""Latin"", ""English_language"", ""Language"", ""Biology"", ""Plant"", ""Fruit"", ""Citrus"", ""Lemon""]",13277,5000,"[""Calculus"", ""Physics"", ""Energy"", ""Food"", ""Vitamin_C"", ""Lemon""]",21969,18746,Hard
George_W._Bush_Monkey_3,George_W._Bush,Monkey,"[""George_W._Bush"", ""United_States"", ""United_States_Department_of_Education"", ""Education"", ""Biology"", ""Animal"", ""Monkey""]",301,1869,"[""George_W._Bush"", ""Stem_cell"", ""Cell_(biology)"", ""Organism"", ""Animal"", ""Vertebrate"", ""Mammal"", ""Human"", ""Ape"", ""Monkey""]",5183,5695,"[""George_W._Bush"", ""Moon"", ""Japan"", ""South_Korea"", ""Nigeria""]",18457,7150,"[""George_W._Bush"", ""United_Nations"", ""South_Africa"", ""Biodiversity"", ""Rainforest"", ""Monkey""]",27736,26275,Hard
Batman_Coconut_crab_3,Batman,Coconut_crab,,0,0,"[""Batman"", ""Chemistry"", ""Biology"", ""Animal"", ""Insect"", ""Crustacean"", ""Arthropod"", ""Coconut_crab""]",3493,4552,"[""Batman"", ""Spring_Heeled_Jack""]",15531,8588,"[""Batman"", ""Crime"", ""Family"", ""Anthropology"", ""Evolution"", ""Arthropod"", ""Coconut_crab""]",40670,45206,Hard
Batman_Peanut_3,Batman,Peanut,"[""Batman"", ""DC Comics"", ""Comic Book"", ""Book"", ""Publishing"", ""Business"", ""Agriculture"", ""Crop"", ""Legume"", ""Peanut""]",299,1471,"[""Batman"", ""Crime"", ""Law"", ""International_law"", ""United_Nations"", ""Food"", ""Peanut""]",3678,3902,"[""Batman"", ""Superman""]",15812,7746,,0,0,Hard
Cat_University_3,Cat,University,"[""Cat"", ""Zoology"", ""Biology"", ""Science"", ""Science education"", ""Education"", ""Higher education"", ""University""]",298,366,"[""Cat"", ""Animal"", ""Aristotle"", ""Education"", ""University""]",2090,2930,"[""Cat"", ""Cyprus"", ""United_States"", ""Education"", ""University""]",7920,2624,"[""Cat"", ""Mammal"", ""Whale"", ""Science"", ""University""]",13065,10896,Hard
God_Apple_3,God,Apple,"[""God"", ""Abrahamic religions"", ""Christianity"", ""Bible"", ""Genesis (Bible)"", ""Garden of Eden"", ""Apple""]",298,1957,"[""God"", ""United_States""]",6572,5422,"[""God"", ""United_States"", ""Electronics""]",14006,4815,"[""God"", ""Nature"", ""Plant"", ""Fruit"", ""Apple""]",18989,13673,Hard
Canada_Pony_3,Canada,Pony,"[""Canada"", ""Horse"", ""Pony""]",299,142,"[""Canada"", ""English_language"", ""Great_Britain""]",7215,5980,,0,0,,0,0,Hard
AIDS_Tour_de_France_3,AIDS,Tour_de_France,"[""AIDS"", ""Human immunodeficiency virus"", ""Medicine"", ""Sports medicine"", ""Cycling"", ""Tour de France""]",302,1849,"[""AIDS"", ""France"", ""Lyon"", ""Paris"", ""Tour_de_France""]",2725,1571,,0,0,"[""AIDS"", ""France"", ""Marseille"", ""Paris"", ""Tour_de_France""]",8419,7855,Hard
Cereal_Kurt_Cobain_3,Cereal,Kurt_Cobain,"[""Cereal"", ""Breakfast"", ""Breakfast foods"", ""American cuisine"", ""United States"", ""American music"", ""Alternative rock"", ""Grunge"", ""Nirvana (band)"", ""Kurt Cobain""]",303,1949,"[""Cereal"", ""United_States"", ""Seattle,_Washington"", ""Nirvana_(band)"", ""Kurt_Cobain""]",3615,1487,"[""Cereal"", ""United_States"", ""Music_of_the_United_States"", ""Nirvana_(band)"", ""Kurt_Cobain""]",7739,2645,"[""Cereal"", ""United_States"", ""Seattle,_Washington"", ""Nirvana_(band)"", ""Kurt_Cobain""]",12003,7724,Hard
Christianity_Natalie_Portman_3,Christianity,Natalie_Portman,"[""Christianity"", ""United States"", ""Hollywood"", ""Film"", ""Black Swan"", ""Natalie_Portman""]",302,1219,"[""Christianity"", ""Judaism""]",4542,3158,"[""Christianity"", ""A_cappella"", ""Renaissance_music""]",15894,8805,,0,0,Hard
Colombia_Menthol_3,Colombia,Menthol,"[""Colombia"", ""Flora of Colombia"", ""Lamiaceae"", ""Mentha"", ""Menthol""]",300,1521,"[""Colombia"", ""South_America"", ""Brazil""]",6702,8678,"[""Colombia"", ""Spanish_language"", ""United_Kingdom"", ""GlaxoSmithKline"", ""Vitamin_C""]",17353,9621,,0,0,Hard
Napoleonic_Wars_Superman_3,Napoleonic_Wars,Superman,,0,0,,0,0,"[""Napoleonic_Wars"", ""United_States""]",11472,5938,"[""Napoleonic_Wars"", ""United_States"", ""Television"", ""Film"", ""Animation"", ""Motion_(physics)"", ""Physics"", ""Superman""]",51275,53045,Hard
Batman_Wikisource_3,Batman,Wikisource,"[""Batman"", ""Batman (film)"", ""Wikimedia Foundation"", ""Wikisource""]",300,1808,"[""Batman"", ""Superman""]",3583,4330,"[""Batman"", ""Superman""]",14233,6263,,0,0,Hard
Christianity_Coconut_crab_3,Christianity,Coconut_crab,"[""Christianity"", ""Religion"", ""Science"", ""Biology"", ""Animal"", ""Crab"", ""Coconut_crab""]",302,762,"[""Christianity"", ""Philippines"", ""Indonesia"", ""India"", ""Indian_Ocean"", ""Maldives"", ""Fishing"", ""Crustacean"", ""Arthropod"", ""Coconut_crab""]",5382,5569,,0,0,,0,0,Hard
David_Beckham_Frog_3,David_Beckham,Frog,,0,0,"[""David_Beckham"", ""England"", ""United_Kingdom""]",7745,7546,"[""David_Beckham"", ""Pel\u00e9"", ""Nazism"", ""Animal_rights"", ""Gorilla"", ""Otter"", ""Frog""]",8694,4807,"[""David_Beckham"", ""Football_(soccer)"", ""FIFA"", ""Europe"", ""Carnivore"", ""Frog""]",20869,25559,Hard
Geometry_Volleyball_3,Geometry,Volleyball,"[""Geometry"", ""Mathematics"", ""Game theory"", ""Game"", ""Sports"", ""Volleyball""]",299,1406,"[""Geometry"", ""Physics"", ""Motion_(physics)""]",5736,5922,"[""Geometry"", ""Physics""]",11252,5012,,0,0,Hard
Brain_Telephone_4,Brain,Telephone,"[""Brain"", ""Psychology"", ""Communication"", ""Telephone""]",298,575,"[""Brain"", ""Computer_science"", ""Information"", ""Communication""]",2433,1946,"[""Brain"", ""Chordate"", ""Animal"", ""Vertebrate"", ""Human"", ""Communication"", ""Telephone""]",8445,2991,"[""Brain"", ""Mind"", ""Psychology"", ""19th_century"", ""Telephone""]",11253,8989,Medium
Theatre_Zebra_4,Theatre,Zebra,,0,0,"[""Theatre"", ""Brazil"", ""Africa"", ""Zebra""]",2581,2044,"[""Theatre"", ""Dance"", ""Animal"", ""Mammal"", ""Lion"", ""Zebra""]",7723,3199,"[""Theatre"", ""Drama"", ""Television"", ""Telecommunication"", ""Africa"", ""Lion"", ""Zebra""]",53990,56431,Medium
Asteroid_Viking_4,Asteroid,Viking,"[""Asteroid"", ""Space probe"", ""Viking (spacecraft)""]",300,843,"[""Asteroid"", ""Mars""]",6611,6805,,0,0,,0,0,Medium
Batman_Wood_4,Batman,Wood,,0,0,"[""Batman"", ""Crime"", ""Industry"", ""Manufacturing"", ""Engineering"", ""Technology"", ""Wood""]",2752,3022,"[""Batman"", ""Earthquake"", ""Earth"", ""Soil"", ""Forest"", ""Tree"", ""Wood""]",8358,3662,,0,0,Medium
Beer_Sun_4,Beer,Sun,"[""Beer"", ""Brewing"", ""Fermentation"", ""Microbiology"", ""Biology"", ""Biochemistry"", ""Chemistry"", ""Physics"", ""Astrophysics"", ""Sun""]",298,842,"[""Beer"", ""Carbon_dioxide"", ""Photosynthesis"", ""Photon"", ""Light"", ""Sun""]",2852,3214,"[""Beer"", ""Sugar"", ""Honey"", ""Gold"", ""Iron"", ""Star"", ""Sun""]",10117,4620,"[""Beer"", ""Water"", ""Sun""]",3271,2621,Medium
Batman_Banana_4,Batman,Banana,,0,0,"[""Batman"", ""Superman"", ""Film""]",6812,6465,,0,0,"[""Batman"", ""Superman"", ""Film"", ""Color"", ""Fruit"", ""Banana""]",21297,18343,Medium
Cat_Computer_4,Cat,Computer,"[""Cat"", ""Felis catus"", ""Mammal"", ""Animal"", ""Biology"", ""Science"", ""Computer science"", ""Computer""]",298,740,"[""Cat"", ""Scientific_classification"", ""Human"", ""Technology"", ""Computer_science"", ""Charles_Babbage"", ""Computer""]",3387,3693,"[""Cat"", ""Sound""]",13300,4425,"[""Cat"", ""Mammal"", ""Human"", ""Technology"", ""Computer""]",8867,7518,Medium
Cat_Microsoft_4,Cat,Microsoft,,0,0,"[""Cat"", ""Animal"", ""Scientific_classification"", ""Apple"", ""United_States"", ""Computer"", ""Microsoft_Windows"", ""Microsoft""]",5128,5559,"[""Cat"", ""Sound"", ""Music"", ""Language"", ""Computer_science"", ""Internet"", ""Microsoft""]",8267,2545,"[""Cat"", ""Evolution"", ""Computer"", ""Microsoft_Windows"", ""Microsoft""]",17568,11423,Medium
Dog_Telephone_4,Dog,Telephone,"[""Dog"", ""Domestic dog"", ""Human"", ""Science and technology"", ""Telecommunications"", ""Telephone""]",298,679,"[""Dog"", ""English_language"", ""United_States"", ""Electronics"", ""Telephone""]",3914,1910,"[""Dog"", ""DNA"", ""Information"", ""Communication"", ""Telephone""]",5827,1995,"[""Dog"", ""Mammal"", ""20th_century"", ""Telephone""]",8445,6849,Medium
Dog_Venus_4,Dog,Venus,"[""Dog"", ""Domestic dog"", ""Canis lupus familiaris"", ""Canis"", ""Animal"", ""Life"", ""Astrobiology"", ""Venus""]",299,948,"[""Dog"", ""Mammal"", ""Vertebrate"", ""Animal"", ""Sunlight"", ""Sun"", ""Solar_System"", ""Venus""]",3882,4161,"[""Dog"", ""Fossil""]",14689,7126,"[""Dog"", ""Animal"", ""Carbon_dioxide"", ""Greenhouse_effect"", ""Venus""]",13377,12053,Medium
Aluminium_chloride_Parrot_4,Aluminium_chloride,Parrot,,0,0,"[""Aluminium_chloride"", ""Chlorine"", ""Color"", ""Bird"", ""Parrot""]",2100,3427,,0,0,"[""Aluminium_chloride"", ""Recycling"", ""Environmental_science"", ""Ecology"", ""Biodiversity"", ""Bird"", ""Parrot""]",45256,43077,Medium
Batman_Bible_4,Batman,Bible,"[""Batman"", ""DC Comics"", ""Comic book"", ""Graphic novel"", ""Fantasy"", ""Mythology"", ""Religion"", ""Bible""]",298,1886,"[""Batman"", ""Crime"", ""Religion"", ""Bible""]",1480,1037,"[""Batman"", ""Chemistry"", ""Science"", ""Middle_Ages"", ""Christianity"", ""Bible""]",7485,2014,"[""Batman"", ""Crime"", ""Religion"", ""Bible""]",5635,3741,Medium
England_God_4,England,God,"[""England"", ""Christianity"", ""Bible"", ""God""]",298,316,"[""England"", ""Christianity"", ""Bible"", ""God""]",2415,1508,"[""England"", ""Christianity"", ""Jesus"", ""God""]",5775,921,"[""England"", ""Anglicanism"", ""God""]",4445,2655,Medium
Art_Mango_4,Art,Mango,"[""Art"", ""Culinary art"", ""Food"", ""Fruit"", ""Mango""]",299,1146,"[""Art"", ""Painting"", ""India"", ""Mango""]",2179,2374,"[""Art"", ""Sultan"", ""Sumatra"", ""Palm_oil"", ""Indonesia"", ""India"", ""Mango""]",9594,3929,"[""Art"", ""Color"", ""Fruit"", ""Mango""]",4466,6018,Medium
14th_century_Rainbow_4,14th_century,Rainbow,"[""14th_century"", ""14th_century_in_science"", ""Astronomy"", ""Optics"", ""Color"", ""Rainbow""]",301,935,"[""14th_century"", ""Renaissance"", ""Music"", ""Physics"", ""Light"", ""Rainbow""]",3229,2531,"[""14th_century"", ""Abacus"", ""Latin"", ""Science"", ""Quantum_mechanics"", ""Wave"", ""Ultraviolet"", ""Color"", ""Rainbow""]",11409,5097,"[""14th_century"", ""Renaissance"", ""Art"", ""Color"", ""Rainbow""]",11973,8161,Medium
Electricity_God_4,Electricity,God,"[""Electricity"", ""Electrical energy"", ""Energy"", ""Physics"", ""Philosophy"", ""Religion"", ""God""]",299,780,"[""Electricity"", ""Mesopotamia"", ""God""]",1203,1281,"[""Electricity"", ""Physics"", ""Sun""]",12325,4440,"[""Electricity"", ""Physics"", ""Philosophy"", ""Religion"", ""God""]",15050,10255,Medium
Archbishop_of_Canterbury_Vietnam_4,Archbishop_of_Canterbury,Vietnam,"[""Archbishop_of_Canterbury"", ""Canterbury"", ""England"", ""Europe"", ""Asia"", ""Southeast Asia"", ""Vietnam""]",303,1271,"[""Archbishop_of_Canterbury"", ""Anglican_Communion"", ""British_Empire"", ""United_Kingdom"", ""France"", ""China"", ""Vietnam""]",5038,2519,"[""Archbishop_of_Canterbury"", ""Rome"", ""France"", ""China"", ""Vietnam""]",7109,2636,"[""Archbishop_of_Canterbury"", ""Roman_Catholic_Church"", ""Asia"", ""Vietnam""]",5988,4993,Medium
Batman_Vitamin_D_4,Batman,Vitamin_D,"[""Batman"", ""Comic book character"", ""Superhero"", ""Superpower"", ""Energy"", ""Solar energy"", ""Sun"", ""Sunlight"", ""Vitamin_D""]",299,1808,"[""Batman"", ""Chemistry"", ""Biology""]",4221,3130,"[""Batman"", ""Chemistry"", ""Medicine"", ""Health"", ""Nutrition"", ""Vitamin_D""]",6770,2764,"[""Batman"", ""Superman"", ""Sun"", ""Sunlight"", ""Vitamin_D""]",13256,11402,Medium
China_Moon_4,China,Moon,"[""China"", ""Chinese space program"", ""Lunar exploration (China)"", ""Chang'e 4"", ""Moon""]",298,724,"[""China"", ""Beijing"", ""Great_Wall_of_China"", ""Neil_Armstrong"", ""Moon""]",2696,2562,"[""China"", ""Pacific_Ocean"", ""Earth"", ""Planet"", ""Moon""]",7293,1381,"[""China"", ""Shanghai"", ""Solar_eclipse"", ""Lunar_eclipse"", ""Moon""]",9080,7396,Medium
Achilles_tendon_Ivory_4,Achilles_tendon,Ivory,"[""Achilles_tendon"", ""Calcaneus"", ""Heel"", ""Foot"", ""Ankle"", ""Tibia"", ""Bone"", ""Tusks"", ""Elephant"", ""Ivory""]",302,1767,,0,0,"[""Achilles_tendon"", ""Achilles""]",12985,4302,"[""Achilles_tendon"", ""Latin"", ""Latin_alphabet"", ""Roman_Empire"", ""Sculpture"", ""Ancient_Greece"", ""Jewellery"", ""Ivory""]",55736,60050,Medium
Pyramid_Bean_4,Pyramid,Bean,,0,0,"[""Pyramid"", ""Mexico"", ""Agriculture"", ""Vegetable"", ""Bean""]",2205,2853,"[""Pyramid"", ""Great_Pyramid_of_Giza"", ""Agriculture"", ""Soybean"", ""Seed"", ""Pea"", ""Bean""]",8892,5033,,0,0,Hard
Aircraft_Google_4,Aircraft,Google,"[""Aircraft"", ""Aeronautical engineering"", ""Engineering"", ""Technology"", ""Internet"", ""Search engine"", ""Google""]",298,1779,"[""Aircraft"", ""United_Kingdom"", ""Computer"", ""Internet"", ""World_Wide_Web"", ""Google""]",3310,2248,"[""Aircraft"", ""United_Kingdom"", ""Television"", ""Internet"", ""Information"", ""Computer_science"", ""Computer_programming"", ""Microsoft"", ""World_Wide_Web"", ""Google""]",13368,5588,"[""Aircraft"", ""United_Kingdom"", ""Computer"", ""World_Wide_Web"", ""Google""]",14271,13443,Hard
Computer_Fruit_4,Computer,Fruit,,0,0,,0,0,"[""Computer"", ""Toy"", ""Apple"", ""Fruit""]",4916,1470,"[""Computer"", ""Computer_and_video_games"", ""Pac-Man"", ""Fruit""]",2809,4162,Hard
Batman_Penguin_4,Batman,Penguin,"[""Batman"", ""Penguin (character)""]",299,179,"[""Batman"", ""Crime"", ""Culture"", ""Nature"", ""Animal"", ""Bird"", ""Penguin""]",3309,3086,"[""Batman"", ""Crime"", ""Police"", ""Hong_Kong"", ""Asia"", ""Earth"", ""Antarctica"", ""Penguin""]",11507,3835,"[""Batman"", ""Crime"", ""United_States"", ""Antarctica"", ""Penguin""]",12101,9518,Hard
Calculus_Lemon_4,Calculus,Lemon,,0,0,"[""Calculus"", ""Mathematics"", ""Economics"", ""United_States"", ""Agriculture"", ""Fruit"", ""Citrus"", ""Lemon""]",5302,4502,"[""Calculus"", ""Business"", ""Money"", ""Water"", ""Color"", ""Fruit"", ""Citrus"", ""Lemon""]",11103,6493,"[""Calculus"", ""Biology"", ""Plant"", ""Fruit"", ""Citrus"", ""Lemon""]",18234,17218,Hard
George_W._Bush_Monkey_4,George_W._Bush,Monkey,"[""George_W._Bush"", ""George_H._W._Bush"", ""United_States"", ""Wildlife_of_the_United_States"", ""Mammals_of_the_United_States"", ""Primates"", ""Monkey""]",301,1933,"[""George_W._Bush"", ""United_States""]",3710,2578,"[""George_W._Bush"", ""Panama"", ""Uruguay"", ""Brazil"", ""Rainforest"", ""Monkey""]",8351,4949,,0,0,Hard
Batman_Coconut_crab_4,Batman,Coconut_crab,"[""Batman"", ""Bat"", ""Chiroptera"", ""Mammal"", ""Animal"", ""Crustacean"", ""Crab"", ""Coconut_crab""]",301,1117,"[""Batman"", ""Chemistry"", ""Organism"", ""Arthropod""]",6702,6573,"[""Batman"", ""Spring_Heeled_Jack""]",16461,6958,"[""Batman"", ""Superman"", ""Earth"", ""Ocean"", ""Crustacean"", ""Arthropod"", ""Coconut_crab""]",42182,47258,Hard
Batman_Peanut_4,Batman,Peanut,,0,0,"[""Batman"", ""Chemistry"", ""Biology"", ""Cell_(biology)"", ""Organism"", ""Plant"", ""Agriculture"", ""Pea"", ""Vegetable"", ""Bean"", ""Peanut""]",5284,5690,"[""Batman"", ""Superman"", ""Seinfeld"", ""Television"", ""Sound"", ""Bat"", ""Seed"", ""Peanut""]",8361,4169,"[""Batman"", ""Chemistry"", ""Biology"", ""Plant"", ""Seed"", ""Peanut""]",21233,19534,Hard
Cat_University_4,Cat,University,,0,0,"[""Cat"", ""Animal"", ""Human"", ""Science"", ""University""]",2531,1934,"[""Cat"", ""Dog"", ""Africa"", ""Nigeria"", ""India"", ""United_States"", ""Education_in_the_United_States"", ""University""]",14124,4519,"[""Cat"", ""Evolution"", ""Science"", ""University""]",7293,5860,Hard
God_Apple_4,God,Apple,,0,0,"[""God"", ""United_States"", ""Computer"", ""Internet"", ""Cloud"", ""Color"", ""Fruit"", ""Apple""]",5033,4136,"[""God"", ""United_States""]",15562,6052,"[""God"", ""Bible"", ""Hebrew_language"", ""English_language"", ""United_States"", ""Agriculture"", ""Fruit"", ""Apple""]",69072,68378,Hard
Canada_Pony_4,Canada,Pony,"[""Canada"", ""Horse"", ""Pony""]",299,306,"[""Canada"", ""French_language""]",8388,10384,"[""Canada"", ""Beaver""]",12942,5041,,0,0,Hard
AIDS_Tour_de_France_4,AIDS,Tour_de_France,"[""AIDS"", ""Human immunodeficiency virus"", ""Human"", ""Human society"", ""Sports"", ""Cycling"", ""Tour de France""]",302,1600,"[""AIDS"", ""France"", ""Paris"", ""Tour_de_France""]",2224,1513,"[""AIDS"", ""France"", ""Paris""]",6497,1573,"[""AIDS"", ""France"", ""Paris"", ""Tour_de_France""]",5581,3414,Hard
Cereal_Kurt_Cobain_4,Cereal,Kurt_Cobain,,0,0,"[""Cereal"", ""United_States"", ""Seattle,_Washington"", ""Nirvana_(band)"", ""Kurt_Cobain""]",3615,1821,"[""Cereal"", ""North_America"", ""United_Kingdom"", ""Iron_Maiden"", ""United_States"", ""Music_of_the_United_States"", ""Nirvana_(band)"", ""Kurt_Cobain""]",13094,5215,,0,0,Hard
Christianity_Natalie_Portman_4,Christianity,Natalie_Portman,"[""Christianity"", ""Religion"", ""Culture"", ""Performing arts"", ""Acting (performing arts)"", ""Award"", ""Academy Awards"", ""Academy Award for Best Actress"", ""Natalie Portman""]",302,1974,"[""Christianity"", ""Jesus""]",5768,4812,"[""Christianity"", ""A_cappella"", ""Renaissance_music""]",13404,7569,"[""Christianity"", ""Middle_East"", ""Israel"", ""Jerusalem"", ""Natalie_Portman""]",21912,16613,Hard
Colombia_Menthol_4,Colombia,Menthol,"[""Colombia"", ""Biodiversity"", ""Biology"", ""Organic chemistry"", ""Monoterpenes"", ""Menthol""]",300,1294,"[""Colombia"", ""United_States""]",7329,6251,,0,0,,0,0,Hard
Napoleonic_Wars_Superman_4,Napoleonic_Wars,Superman,,0,0,"[""Napoleonic_Wars"", ""United_States""]",6382,9488,"[""Napoleonic_Wars"", ""United_States""]",19144,8613,,0,0,Hard
Batman_Wikisource_4,Batman,Wikisource,,0,0,"[""Batman"", ""Superman"", ""World_War_II""]",6514,7236,"[""Batman"", ""Crime"", ""Utilitarianism""]",14581,5881,,0,0,Hard
Christianity_Coconut_crab_4,Christianity,Coconut_crab,,0,0,"[""Christianity"", ""Philippines""]",6499,5511,"[""Christianity"", ""Philippines""]",13767,8317,"[""Christianity"", ""Oceania"", ""Christmas_Island"", ""Coconut_crab""]",5054,5188,Hard
David_Beckham_Frog_4,David_Beckham,Frog,,0,0,,0,0,"[""David_Beckham"", ""France"", ""River"", ""Fresh_water"", ""Fish"", ""Dolphin"", ""Animal"", ""Australian_Green_Tree_Frog"", ""Tree_frog"", ""Frog""]",13058,5019,,0,0,Hard
Geometry_Volleyball_4,Geometry,Volleyball,,0,0,"[""Geometry"", ""Mathematics"", ""Motion_(physics)""]",3904,3162,"[""Geometry"", ""Physics"", ""Engineering"", ""Medicine"", ""Health"", ""Triathlon"", ""Olympic_Games"", ""Football"", ""Volleyball""]",11775,4452,"[""Geometry"", ""Mathematics"", ""Statistics"", ""Education"", ""University"", ""Greece"", ""Olympic_Games"", ""Volleyball""]",53321,38900,Hard
Brain_Telephone_5,Brain,Telephone,"[""Brain"", ""Brain function"", ""Information processing"", ""Communication"", ""Telephone""]",298,1149,"[""Brain"", ""Action_potential"", ""Capacitance"", ""Maxwell's_equations"", ""Electromagnetic_radiation"", ""Electricity"", ""Alexander_Graham_Bell"", ""Telephone""]",3540,2970,"[""Brain"", ""Chordate"", ""Bird"", ""Human"", ""Communication"", ""Telephone""]",7429,2119,"[""Brain"", ""Mind"", ""History_of_science"", ""Telecommunication"", ""Telephone""]",10296,6450,Medium
Theatre_Zebra_5,Theatre,Zebra,"[""Theatre"", ""Museum"", ""Zoo"", ""Animal"", ""Mammal"", ""Equidae"", ""Equus"", ""Zebra""]",300,1199,"[""Theatre"", ""Music"", ""Art"", ""Painting"", ""Color"", ""Aristotle"", ""Biology"", ""Animal"", ""Mammal"", ""Zebra""]",4993,6430,"[""Theatre"", ""Paris"", ""Garden"", ""Bird"", ""Animal"", ""Mammal"", ""Zebra""]",9727,3072,,0,0,Medium
Asteroid_Viking_5,Asteroid,Viking,"[""Asteroid"", ""Spacecraft"", ""NASA"", ""Mars"", ""Viking (rocket)""]",300,1617,"[""Asteroid"", ""Mars""]",5076,5556,,0,0,"[""Asteroid"", ""Mars"", ""Mars_Exploration_Rover"", ""Geology"", ""Plate_tectonics"", ""Iceland"", ""Viking""]",23517,25909,Medium
Batman_Wood_5,Batman,Wood,,0,0,,0,0,"[""Batman"", ""Chemistry"", ""Carbon"", ""Earth"", ""Soil"", ""Forest"", ""Tree"", ""Wood""]",10143,3186,"[""Batman"", ""Chemistry"", ""Biology"", ""Plant"", ""Wood""]",9852,9281,Medium
Beer_Sun_5,Beer,Sun,,0,0,"[""Beer"", ""Ethanol"", ""Oxygen"", ""Earth's_atmosphere"", ""Ultraviolet"", ""Sun""]",2696,3242,"[""Beer"", ""Water"", ""Sun""]",3630,942,"[""Beer"", ""Ethanol"", ""Hydrogen"", ""Sun""]",4421,3982,Medium
Batman_Banana_5,Batman,Banana,"[""Batman"", ""Bruce Wayne"", ""Wayne Enterprises"", ""New York City"", ""United States"", ""Agriculture"", ""Fruits"", ""Banana""]",299,1769,"[""Batman"", ""Chemistry"", ""Water"", ""Agriculture"", ""Fruit"", ""Banana""]",3061,2342,"[""Batman"", ""Spring_Heeled_Jack""]",14597,5897,"[""Batman"", ""Chemistry"", ""Biology"", ""Botany"", ""Fruit"", ""Banana""]",17044,15033,Medium
Cat_Computer_5,Cat,Computer,"[""Cat"", ""Felis catus"", ""Felis"", ""Felidae"", ""Panthera tigris"", ""Tiger (Mac\u202fOS)"", ""Mac OS"", ""Apple Computer"", ""Computer""]",298,1663,"[""Cat"", ""Animal"", ""Human"", ""Technology"", ""Computer""]",2487,2609,"[""Cat"", ""Sound"", ""Matter"", ""Science"", ""World_Wide_Web"", ""Internet"", ""Linux"", ""Unix"", ""Microsoft"", ""Computer""]",11662,3755,"[""Cat"", ""Color"", ""Physics"", ""Computer""]",5210,4843,Medium
Cat_Microsoft_5,Cat,Microsoft,,0,0,"[""Cat"", ""Mammal"", ""20th_century"", ""Computer"", ""Microsoft_Windows"", ""Microsoft""]",2858,2833,"[""Cat"", ""Color"", ""Fruit"", ""Wine"", ""Apple"", ""Europe"", ""Germany"", ""Internet"", ""Microsoft""]",14072,5247,"[""Cat"", ""Mammal"", ""20th_century"", ""Computer"", ""Internet"", ""Microsoft""]",28901,21052,Medium
Dog_Telephone_5,Dog,Telephone,"[""Dog"", ""Animal"", ""Animal husbandry"", ""Production farming"", ""Agriculture"", ""Crop"", ""Plant"", ""Biology"", ""Science"", ""Technology"", ""Telecommunications"", ""Telephone""]",298,1183,"[""Dog"", ""English_language"", ""Language"", ""Communication"", ""Telephone""]",2421,2237,"[""Dog"", ""DNA"", ""Plant""]",17355,7350,"[""Dog"", ""English_language"", ""United_Kingdom"", ""Computer"", ""Telephone""]",11851,9565,Medium
Dog_Venus_5,Dog,Venus,"[""Dog"", ""Domestic dog"", ""Canine"", ""Mammal"", ""Vertebrate"", ""Animal"", ""Life"", ""Biology"", ""Science"", ""Astronomy"", ""Solar System"", ""Venus""]",299,700,"[""Dog"", ""Animal"", ""Organism"", ""Carbon"", ""Earth"", ""Solar_System"", ""Planet"", ""Venus""]",4430,4643,"[""Dog"", ""Bonobo"", ""Insect"", ""Amber"", ""Aristotle"", ""Astronomy"", ""Planet"", ""Solar_System"", ""Venus""]",12954,5386,"[""Dog"", ""Animal"", ""Carbon_dioxide"", ""Greenhouse_effect"", ""Venus""]",15112,17377,Medium
Aluminium_chloride_Parrot_5,Aluminium_chloride,Parrot,,0,0,"[""Aluminium_chloride"", ""Chlorine"", ""Water"", ""Fresh_water"", ""Earth"", ""Animal"", ""Bird"", ""Parrot""]",4405,5279,"[""Aluminium_chloride"", ""Aluminium"", ""Australia""]",15155,6318,"[""Aluminium_chloride"", ""Salt"", ""Color"", ""Bird"", ""Parrot""]",11911,14489,Medium
Batman_Bible_5,Batman,Bible,"[""Batman"", ""DC Comics"", ""Comics"", ""Comic books"", ""Art"", ""Culture"", ""Religion"", ""Bible""]",298,388,"[""Batman"", ""Earthquake"", ""United_Kingdom"", ""Church_of_England"", ""Anglicanism"", ""Christianity"", ""Jesus"", ""Bible""]",4822,2421,"[""Batman"", ""Crime"", ""Religion"", ""Bible""]",3932,882,"[""Batman"", ""Crime"", ""Religion"", ""Bible""]",3999,2469,Medium
England_God_5,England,God,"[""England"", ""Church of England"", ""Christianity"", ""God""]",298,320,"[""England"", ""Christianity"", ""Bible"", ""God""]",2415,1766,"[""England"", ""Christianity"", ""Jesus"", ""God""]",5775,1654,"[""England"", ""Hinduism"", ""God""]",3639,1460,Medium
Art_Mango_5,Art,Mango,"[""Art"", ""Still life"", ""Fruit"", ""Mango""]",299,570,"[""Art"", ""Painting"", ""Color"", ""Fruit"", ""Mango""]",2380,2695,"[""Art"", ""Sultan"", ""Malwa_(Madhya_Pradesh)"", ""Peanut"", ""Cultivar"", ""Plant"", ""Fruit"", ""Mango""]",10396,3897,"[""Art"", ""Australia"", ""Asia"", ""India"", ""Mango""]",10490,10115,Medium
14th_century_Rainbow_5,14th_century,Rainbow,"[""14th_century"", ""Medieval_Europe"", ""Science_and_technology_in_medieval_Europe"", ""Alchemy"", ""Chemistry"", ""Physics"", ""Light"", ""Spectrum"", ""Rainbow""]",301,1965,"[""14th_century"", ""Renaissance""]",4040,3889,"[""14th_century"", ""Abacus"", ""Japan"", ""United_States"", ""United_Kingdom"", ""Lion"", ""Elephant"", ""Eye"", ""Color"", ""Rainbow""]",16120,7401,"[""14th_century"", ""Renaissance"", ""Art"", ""Color"", ""Rainbow""]",7896,5881,Medium
Electricity_God_5,Electricity,God,"[""Electricity"", ""Electrical engineering"", ""Engineering"", ""Technology"", ""Science"", ""Religion"", ""God""]",299,872,"[""Electricity"", ""Physics"", ""Universe"", ""History"", ""Society"", ""Culture"", ""Religion"", ""God""]",4079,2567,"[""Electricity"", ""Heat"", ""Matter"", ""Science"", ""Philosophy"", ""Religion"", ""God""]",9639,2213,"[""Electricity"", ""Physics"", ""Philosophy"", ""Religion"", ""God""]",9806,7481,Medium
Archbishop_of_Canterbury_Vietnam_5,Archbishop_of_Canterbury,Vietnam,"[""Archbishop_of_Canterbury"", ""Church_of_England"", ""Anglican_Communion"", ""Anglican_Church_of_Vietnam"", ""Vietnam""]",303,685,"[""Archbishop_of_Canterbury"", ""Roman_Catholic_Church"", ""Asia"", ""Vietnam""]",2221,1247,"[""Archbishop_of_Canterbury"", ""England"", ""France"", ""China"", ""Laos"", ""Vietnam""]",9250,2045,"[""Archbishop_of_Canterbury"", ""Roman_Catholic_Church"", ""Asia"", ""Vietnam""]",8000,6787,Medium
Batman_Vitamin_D_5,Batman,Vitamin_D,,0,0,"[""Batman"", ""Chemistry"", ""Medicine"", ""Health"", ""Nutrition"", ""Vitamin_D""]",2557,1732,"[""Batman"", ""Chemistry""]",13840,4558,"[""Batman"", ""Superman"", ""Sun"", ""Sunlight"", ""Vitamin_D""]",8805,8161,Medium
China_Moon_5,China,Moon,"[""China"", ""Chinese space program"", ""Lunar exploration"", ""Moon""]",298,655,"[""China"", ""United_States"", ""Apollo_11"", ""Moon""]",3266,1999,"[""China"", ""United_States"", ""Neil_Armstrong"", ""Apollo_11"", ""Moon""]",8015,1862,"[""China"", ""United_States"", ""Apollo_11"", ""Moon""]",5669,2959,Medium
Achilles_tendon_Ivory_5,Achilles_tendon,Ivory,,0,0,"[""Achilles_tendon"", ""Latin"", ""Roman_Empire"", ""Africa""]",4449,4153,"[""Achilles_tendon"", ""Achilles"", ""Ethiopia""]",11424,3679,,0,0,Medium
Pyramid_Bean_5,Pyramid,Bean,"[""Pyramid"", ""Egyptian pyramids"", ""Egypt"", ""Agriculture in Egypt"", ""Legumes"", ""Bean""]",299,1957,"[""Pyramid"", ""Mexico"", ""Aztec"", ""Cocoa"", ""Seed"", ""Bean""]",2588,5235,"[""Pyramid"", ""United_States"", ""Agriculture"", ""Soybean"", ""Peanut"", ""Seed"", ""Bean""]",10820,3677,,0,0,Hard
Aircraft_Google_5,Aircraft,Google,"[""Aircraft"", ""Aviation"", ""Technology"", ""Internet"", ""Google""]",298,524,"[""Aircraft"", ""Jet_engine"", ""Wright_brothers"", ""Washington,_D.C."", ""United_States"", ""Internet"", ""World_Wide_Web"", ""Google""]",5016,4268,"[""Aircraft"", ""Russia""]",11399,3420,"[""Aircraft"", ""Airbus_A380"", ""United_States_dollar"", ""United_States"", ""Advertising"", ""Google""]",25749,22323,Hard
Computer_Fruit_5,Computer,Fruit,"[""Computer"", ""Apple Inc."", ""Apple (fruit)"", ""Fruit""]",298,565,"[""Computer"", ""Electronics"", ""Color"", ""Fruit""]",1428,1961,"[""Computer"", ""Automobile"", ""Oxygen"", ""Plant"", ""Fruit""]",6433,1971,"[""Computer"", ""Internet"", ""Advertising"", ""United_States"", ""Agriculture"", ""Fruit""]",17232,18135,Hard
Batman_Penguin_5,Batman,Penguin,"[""Batman"", ""Penguin (character)""]",299,1357,"[""Batman"", ""Crime"", ""United_States"", ""Antarctica"", ""Penguin""]",3536,2496,"[""Batman"", ""Crime""]",10982,3646,"[""Batman"", ""Superman"", ""United_States"", ""Antarctica"", ""Penguin""]",13225,11679,Hard
Calculus_Lemon_5,Calculus,Lemon,"[""Calculus"", ""Science"", ""Chemistry"", ""Biochemistry"", ""Biology"", ""Botany"", ""Fruit"", ""Citrus"", ""Lemon""]",300,1647,"[""Calculus"", ""Biology"", ""Plant"", ""Fruit"", ""Citrus"", ""Lemon""]",2788,1703,"[""Calculus"", ""Business"", ""Corporation"", ""Ancient_Rome"", ""Silver"", ""Color"", ""Fruit"", ""Citrus"", ""Lemon""]",12629,3955,"[""Calculus"", ""Biology"", ""Botany"", ""Fruit"", ""Citrus"", ""Lemon""]",16980,15537,Hard
George_W._Bush_Monkey_5,George_W._Bush,Monkey,"[""George_W._Bush"", ""Bush_family"", ""George_H._W._Bush"", ""United_States"", ""Science_and_technology_in_the_United_States"", ""Biology"", ""Animals"", ""Mammals"", ""Primates"", ""Monkey""]",301,1988,"[""George_W._Bush"", ""United States""]",819,681,"[""George_W._Bush"", ""United_States"", ""Guinea""]",17443,5030,"[""George_W._Bush"", ""United States""]",819,738,Hard
Batman_Coconut_crab_5,Batman,Coconut_crab,"[""Batman"", ""Bat"", ""Bat (animal)"", ""Animal"", ""Crustacean"", ""Crab"", ""Coconut_crab""]",301,1243,"[""Batman"", ""Superman"", ""United_States""]",6838,4393,"[""Batman"", ""Spring_Heeled_Jack"", ""Nature"", ""Animal"", ""Spider"", ""Invertebrate"", ""Arthropod"", ""Coconut_crab""]",9030,4706,"[""Batman"", ""Crime"", ""Family"", ""Anthropology"", ""Evolution"", ""Arthropod"", ""Coconut_crab""]",45831,44036,Hard
Batman_Peanut_5,Batman,Peanut,,0,0,,0,0,"[""Batman"", ""Superman"", ""Seinfeld"", ""Television"", ""Sound"", ""Bat"", ""Seed"", ""Peanut""]",8361,3766,,0,0,Hard
Cat_University_5,Cat,University,,0,0,"[""Cat"", ""Mammal"", ""Human"", ""Anthropology"", ""Humanities"", ""History"", ""University_of_Cambridge"", ""University""]",4372,3535,"[""Cat"", ""Dog""]",18016,6848,"[""Cat"", ""Evolution"", ""Science"", ""University""]",7403,5596,Hard
God_Apple_5,God,Apple,"[""God"", ""Religion"", ""Christianity"", ""Bible"", ""Genesis (book)"", ""Creation of Adam"", ""Garden of Eden"", ""Tree of the knowledge of good and evil"", ""Apple (fruit)""]",298,1146,"[""God"", ""Christianity"", ""Religion"", ""Isaac_Newton"", ""Gravitation"", ""Motion_(physics)"", ""Physics"", ""Biology"", ""Botany"", ""Fruit"", ""Apple""]",5951,5184,"[""God"", ""United_States"", ""Electronics""]",12429,4212,"[""God"", ""Nature"", ""Plant"", ""Tree"", ""Apple""]",12374,10191,Hard
Canada_Pony_5,Canada,Pony,"[""Canada"", ""Horse racing"", ""Horse"", ""Pony""]",299,1036,"[""Canada"", ""United_States"", ""Agriculture"", ""Horse"", ""Pony""]",3980,3297,"[""Canada"", ""Beaver"", ""Animal"", ""Mammal"", ""Horse"", ""Pony""]",8317,2790,,0,0,Hard
AIDS_Tour_de_France_5,AIDS,Tour_de_France,"[""AIDS"", ""France"", ""Tour_de_France""]",302,1784,"[""AIDS"", ""France""]",3216,2060,"[""AIDS"", ""France"", ""French_language"", ""Paris"", ""Tour_de_France""]",7278,2938,"[""AIDS"", ""France"", ""Paris"", ""Tour_de_France""]",5372,4116,Hard
Cereal_Kurt_Cobain_5,Cereal,Kurt_Cobain,"[""Cereal"", ""Food"", ""Food culture"", ""American culture"", ""Music genres"", ""Grunge"", ""Kurt Cobain""]",303,775,"[""Cereal"", ""United States""]",530,370,,0,0,"[""Cereal"", ""United_States"", ""American_popular_music"", ""Nirvana_(band)"", ""Kurt_Cobain""]",12352,8753,Hard
Christianity_Natalie_Portman_5,Christianity,Natalie_Portman,"[""Christianity"", ""Christianity and film"", ""Film awards"", ""Academy Award"", ""Academy Award for Best Actress"", ""Black Swan"", ""Natalie Portman""]",302,1553,"[""Christianity"", ""Jesus"", ""Bible""]",4592,4951,"[""Christianity"", ""Paul_of_Tarsus""]",18006,6460,"[""Christianity"", ""Jew"", ""Israel"", ""Jerusalem"", ""Natalie_Portman""]",12230,8467,Hard
Colombia_Menthol_5,Colombia,Menthol,,0,0,,0,0,"[""Colombia"", ""Andes""]",9326,4876,,0,0,Hard
Napoleonic_Wars_Superman_5,Napoleonic_Wars,Superman,"[""Napoleonic_Wars"", ""France"", ""United_States"", ""American_comics"", ""Superman""]",303,1034,"[""Napoleonic_Wars"", ""France"", ""United_States""]",7032,7426,"[""Napoleonic_Wars"", ""France"", ""United_States""]",12258,4603,"[""Napoleonic_Wars"", ""United_States"", ""Television"", ""Sound"", ""Bat"", ""Batman"", ""Superman""]",26827,25041,Hard
Batman_Wikisource_5,Batman,Wikisource,"[""Batman"", ""DC Comics"", ""Wikimedia Commons"", ""Wikimedia Foundation"", ""Wikimedia projects"", ""Wikisource""]",300,1446,,0,0,"[""Batman"", ""Spring_Heeled_Jack"", ""Fiction"", ""Literature"", ""Publishing"", ""Wikipedia"", ""Wikimedia_Foundation"", ""Wikisource""]",8976,3958,,0,0,Hard
Christianity_Coconut_crab_5,Christianity,Coconut_crab,,0,0,"[""Christianity"", ""Oceania""]",5352,7425,"[""Christianity"", ""Philippines"", ""Puerto_Rico""]",8764,4109,"[""Christianity"", ""Middle_East"", ""Indian_Ocean"", ""Maldives"", ""Fishing"", ""Crustacean"", ""Arthropod"", ""Coconut_crab""]",57071,58143,Hard
David_Beckham_Frog_5,David_Beckham,Frog,,0,0,"[""David_Beckham"", ""Football_(soccer)"", ""Japan"", ""Culture"", ""Evolution"", ""Vertebrate"", ""Fish"", ""Chordate"", ""Animal"", ""Australian_Green_Tree_Frog"", ""Frog""]",5421,5486,"[""David_Beckham"", ""Israel""]",13903,4815,,0,0,Hard
Geometry_Volleyball_5,Geometry,Volleyball,"[""Geometry"", ""Sphere"", ""Ball"", ""Volleyball""]",299,1170,"[""Geometry"", ""Mathematics"", ""Game_theory"", ""Sociology"", ""Society"", ""History"", ""Athens"", ""Olympic_Games"", ""Volleyball""]",4676,4487,"[""Geometry"", ""Physics"", ""Force"", ""Bicycle"", ""Sport"", ""Olympic_Games"", ""Basketball"", ""Volleyball""]",10745,2986,"[""Geometry"", ""Physics"", ""Science"", ""United_States"", ""Olympic_Games"", ""Volleyball""]",22703,17303,Hard
