id,start,destination,difficulty,blind_paths,blind_input_tokens,blind_output_tokens,link_aware_paths,link_aware_input_tokens,link_aware_output_tokens,external_info_paths,external_info_input_tokens,external_info_output_tokens,tot_paths,tot_input_tokens,tot_output_tokens
Brain_Telephone_0,Brain,Telephone,Medium,"[""Brain"", ""Neural network"", ""Artificial neural network"", ""Machine learning"", ""Artificial intelligence"", ""Speech recognition"", ""Speech"", ""Telephone""]",298,1296,"[""Brain"", ""Psychology"", ""Language"", ""Communication"", ""Telephone""]",2049,1372,"[""Brain"", ""Medicine"", ""Computer"", ""Telephone""]",4911,1445,"[""Brain"", ""Computer_science"", ""Information"", ""Communication"", ""Telephone""]",7213,7764
Theatre_Zebra_0,Theatre,Zebra,Medium,,0,0,"[""Theatre"", ""Aristotle"", ""Biology"", ""Biodiversity"", ""Africa"", ""Carnivore"", ""Animal"", ""Mammal"", ""Zebra""]",5099,4516,"[""Theatre"", ""Dance""]",9505,2280,"[""Theatre"", ""France"", ""Kenya"", ""Africa"", ""Giraffe"", ""Mammal"", ""Zebra""]",22229,15137
Asteroid_Viking_0,Asteroid,Viking,Medium,"[""Asteroid"", ""Minor planet"", ""NASA"", ""NASA program"", ""Viking program""]",300,1267,"[""Asteroid"", ""Earth"", ""Apollo_8"", ""Saturn_V"", ""Mars"", ""Mars_Exploration_Rover"", ""Geology"", ""20th_century"", ""10th_century"", ""Viking""]",5345,6485,"[""Asteroid"", ""Mars"", ""Phoenix_(spacecraft)"", ""Switzerland"", ""Iceland"", ""Viking""]",7445,2790,"[""Asteroid"", ""Mars"", ""Mars_Exploration_Rover"", ""Geology"", ""20th_century"", ""9th_century"", ""Viking""]",29158,31620
Batman_Wood_0,Batman,Wood,Medium,,0,0,"[""Batman"", ""Chemistry"", ""Biology"", ""Botany"", ""Plant"", ""Tree"", ""Wood""]",3327,2618,"[""Batman"", ""Superman""]",9596,4564,"[""Batman"", ""Chemistry"", ""Carbon"", ""Plant"", ""Wood""]",12994,12852
Beer_Sun_0,Beer,Sun,Medium,"[""Beer"", ""Hops"", ""Plant"", ""Sun""]",298,846,,0,0,"[""Beer"", ""Water"", ""Sun""]",3630,1799,"[""Beer"", ""Ethanol"", ""Hydrogen"", ""Sun""]",4068,5396
Batman_Banana_0,Batman,Banana,Medium,,0,0,"[""Batman"", ""Crime"", ""United_States"", ""Agriculture"", ""Fruit"", ""Banana""]",4004,2658,"[""Batman"", ""Spring_Heeled_Jack"", ""Popular_culture"", ""Music"", ""Language"", ""Science"", ""Biology"", ""Plant"", ""Fruit"", ""Banana""]",13448,4688,"[""Batman"", ""Chemistry"", ""Biology"", ""Botany"", ""Fruit"", ""Banana""]",20364,16591
Cat_Computer_0,Cat,Computer,Medium,"[""Cat"", ""Cat (disambiguation)"", ""cat (command)"", ""Unix"", ""Computer""]",298,1530,"[""Cat"", ""Sound"", ""Music"", ""Mathematics"", ""Computer_science"", ""Computer_programming"", ""Linux"", ""Unix"", ""Internet"", ""Microsoft"", ""Computer""]",4730,3784,"[""Cat"", ""Scientific_classification"", ""Apple"", ""United_States"", ""Electronics"", ""Computer""]",9041,3472,"[""Cat"", ""Protein"", ""Computer_science"", ""Alan_Turing"", ""Algorithm"", ""Computer""]",21542,21260
Cat_Microsoft_0,Cat,Microsoft,Medium,,0,0,"[""Cat"", ""Mammal"", ""20th_century"", ""Internet"", ""Microsoft""]",2414,2383,"[""Cat"", ""Color"", ""Art"", ""Mass_media"", ""Technology"", ""Computer_science"", ""Internet"", ""Microsoft""]",10879,4168,"[""Cat"", ""Mammal"", ""20th_century"", ""Internet"", ""Microsoft""]",9636,9290
Dog_Telephone_0,Dog,Telephone,Medium,"[""Dog"", ""Animal communication"", ""Communication"", ""Telephone""]",298,1029,"[""Dog"", ""DNA"", ""Information"", ""Communication"", ""Telephone""]",1927,2141,"[""Dog"", ""Chordate"", ""Animal"", ""Human"", ""Language"", ""Communication"", ""Telephone""]",8765,2983,"[""Dog"", ""English_language"", ""Language"", ""Communication"", ""Telephone""]",9996,6847
Dog_Venus_0,Dog,Venus,Medium,"[""Dog"", ""Mammal"", ""Biology"", ""Earth"", ""Solar System"", ""Venus""]",299,1050,,0,0,"[""Dog"", ""Peru"", ""Amazon_Rainforest""]",15330,8416,,0,0
Aluminium_chloride_Parrot_0,Aluminium_chloride,Parrot,Medium,"[""Aluminium chloride"", ""Aluminium"", ""Chemistry"", ""Science"", ""Biology"", ""Organisms"", ""Animals"", ""Birds"", ""Parrot""]",303,608,"[""Aluminium_chloride"", ""Chlorine"", ""Human""]",5784,5783,"[""Aluminium_chloride"", ""Ytterbium""]",14059,6108,"[""Aluminium_chloride"", ""Ethanol"", ""Brazil"", ""Amazon_Rainforest"", ""Bird"", ""Parrot""]",19678,21139
Batman_Bible_0,Batman,Bible,Medium,"[""Batman"", ""Religion in comics"", ""Religion"", ""Christianity"", ""Bible""]",298,1101,"[""Batman"", ""Chemistry"", ""Alchemy"", ""Christianity"", ""Bible""]",2398,1657,"[""Batman"", ""Crime"", ""Religion"", ""Christianity"", ""Bible""]",5644,1612,"[""Batman"", ""Superman"", ""Judaism"", ""Bible""]",5685,3532
England_God_0,England,God,Medium,"[""England"", ""Christianity"", ""God""]",298,244,"[""England"", ""Christianity"", ""Jesus"", ""God""]",2618,1408,"[""England"", ""Hinduism"", ""God""]",3927,799,"[""England"", ""Christianity"", ""Jesus"", ""God""]",4777,2870
Art_Mango_0,Art,Mango,Medium,"[""Art"", ""Art history"", ""Italian Renaissance"", ""Italian cuisine"", ""Cuisine"", ""Food"", ""Fruit"", ""Mangifera indica"", ""Mango""]",299,1332,"[""Art"", ""Color"", ""Fruit"", ""Mango""]",1656,1817,"[""Art"", ""Color"", ""Fruit"", ""Mango""]",4793,1603,"[""Art"", ""Painting"", ""India"", ""Mango""]",6957,6922
14th_century_Rainbow_0,14th_century,Rainbow,Medium,"[""14th_century"", ""Middle Ages"", ""Science in the Middle Ages"", ""Optics"", ""Rainbow""]",301,991,,0,0,,0,0,,0,0
Electricity_God_0,Electricity,God,Medium,"[""Electricity"", ""Physics"", ""Philosophy of physics"", ""Philosophy"", ""Philosophy of religion"", ""God""]",299,1044,"[""Electricity"", ""Ancient_Greece"", ""Athena"", ""Greek_mythology"", ""Deity"", ""God""]",2849,2070,"[""Electricity"", ""Matter"", ""Magnet"", ""Earth"", ""Deity"", ""God""]",7345,2516,"[""Electricity"", ""Mesopotamia"", ""Religion"", ""God""]",6358,4007
Archbishop_of_Canterbury_Vietnam_0,Archbishop_of_Canterbury,Vietnam,Medium,"[""Archbishop_of_Canterbury"", ""Canterbury"", ""England"", ""Europe"", ""Asia"", ""Vietnam""]",303,974,"[""Archbishop_of_Canterbury"", ""Roman_Catholic_Church"", ""Christianity"", ""Roman_Empire"", ""United_States"", ""Vietnam""]",4477,4216,"[""Archbishop_of_Canterbury"", ""England"", ""France"", ""Thailand"", ""Cambodia"", ""Vietnam""]",8989,4172,"[""Archbishop_of_Canterbury"", ""Roman_Catholic_Church"", ""Asia"", ""Vietnam""]",4173,4791
Batman_Vitamin_D_0,Batman,Vitamin_D,Medium,,0,0,"[""Batman"", ""Chemistry"", ""Medicine"", ""Biology"", ""Human"", ""Ultraviolet"", ""Sunlight"", ""Vitamin_D""]",4081,3022,"[""Batman"", ""Spring_Heeled_Jack"", ""Nature"", ""Ultraviolet"", ""Sun"", ""Vitamin_D""]",7290,3403,"[""Batman"", ""Superman"", ""Sun"", ""Sunlight"", ""Vitamin_D""]",14839,11132
China_Moon_0,China,Moon,Medium,"[""China"", ""People's Republic of China"", ""China National Space Administration"", ""Chinese lunar exploration program"", ""Moon""]",298,880,"[""China"", ""People's_Republic_of_China"", ""Shenzhou_6"", ""Shenzhou_spacecraft"", ""International_Space_Station"", ""Earth"", ""Moon""]",3951,3237,"[""China"", ""Beijing"", ""Great_Wall_of_China"", ""Apollo_11"", ""Moon""]",6704,2282,"[""China"", ""Great_Wall_of_China"", ""Moon""]",2655,2760
Achilles_tendon_Ivory_0,Achilles_tendon,Ivory,Medium,,0,0,"[""Achilles_tendon"", ""Latin"", ""United_States"", ""C\u00f4te_d'Ivoire""]",5048,6226,"[""Achilles_tendon"", ""Latin"", ""Vulgar_Latin""]",17042,5999,,0,0
Pyramid_Bean_0,Pyramid,Bean,Hard,,0,0,"[""Pyramid"", ""Egyptian_pyramids"", ""Ancient_Egypt"", ""Agriculture"", ""Soybean"", ""Plant"", ""Seed"", ""Bean""]",3876,4365,"[""Pyramid"", ""Earth"", ""Plant"", ""Soybean"", ""Peanut"", ""Seed"", ""Pea"", ""Bean""]",11335,4075,"[""Pyramid"", ""Egypt"", ""Cereal"", ""Seed"", ""Bean""]",15425,18528
Aircraft_Google_0,Aircraft,Google,Hard,"[""Aircraft"", ""Boeing"", ""NASA"", ""Information technology"", ""Internet"", ""Google""]",298,1608,"[""Aircraft"", ""United_Kingdom"", ""Computer"", ""Internet"", ""World_Wide_Web"", ""Google""]",3310,2863,"[""Aircraft"", ""Vietnam_War"", ""United_States"", ""Internet"", ""World_Wide_Web"", ""Google""]",9184,2315,,0,0
Computer_Fruit_0,Computer,Fruit,Hard,"[""Computer"", ""Apple Inc."", ""Apple (fruit)"", ""Fruit""]",298,1493,"[""Computer"", ""Computer_and_video_games"", ""Pac-Man"", ""Fruit""]",1537,2492,"[""Computer"", ""Toy"", ""Animal"", ""Water"", ""Agriculture"", ""Vegetable"", ""Food"", ""Cereal"", ""Fruit""]",13105,3527,,0,0
Batman_Penguin_0,Batman,Penguin,Hard,"[""Batman"", ""Penguin""]",299,127,"[""Batman"", ""Crime"", ""Family"", ""Society"", ""Science"", ""Biology"", ""Animal"", ""Vertebrate"", ""Bird"", ""Penguin""]",4494,4146,"[""Batman"", ""Superman"", ""Jew"", ""Geography"", ""Water"", ""Fish"", ""Dolphin"", ""Animal"", ""Magellanic_Penguin"", ""Penguin""]",13304,4992,"[""Batman"", ""Crime"", ""United_States"", ""Antarctica"", ""Penguin""]",12750,14853
Calculus_Lemon_0,Calculus,Lemon,Hard,,0,0,"[""Calculus"", ""Mathematics""]",8981,7316,"[""Calculus"", ""Latin"", ""English_language"", ""Language"", ""Biology"", ""Plant"", ""Fruit"", ""Citrus"", ""Lemon""]",13277,5000,"[""Calculus"", ""Physics"", ""Energy"", ""Food"", ""Vitamin_C"", ""Lemon""]",21969,18746
George_W._Bush_Monkey_0,George_W._Bush,Monkey,Hard,"[""George_W._Bush"", ""United_States"", ""United_States_Department_of_Education"", ""Education"", ""Biology"", ""Animal"", ""Monkey""]",301,1869,"[""George_W._Bush"", ""Stem_cell"", ""Cell_(biology)"", ""Organism"", ""Animal"", ""Vertebrate"", ""Mammal"", ""Human"", ""Ape"", ""Monkey""]",5183,5695,"[""George_W._Bush"", ""Moon"", ""Japan"", ""South_Korea"", ""Nigeria""]",18457,7150,"[""George_W._Bush"", ""United_Nations"", ""South_Africa"", ""Biodiversity"", ""Rainforest"", ""Monkey""]",27736,26275
Batman_Coconut_crab_0,Batman,Coconut_crab,Hard,,0,0,"[""Batman"", ""Chemistry"", ""Biology"", ""Animal"", ""Insect"", ""Crustacean"", ""Arthropod"", ""Coconut_crab""]",3493,4552,"[""Batman"", ""Spring_Heeled_Jack""]",15531,8588,"[""Batman"", ""Crime"", ""Family"", ""Anthropology"", ""Evolution"", ""Arthropod"", ""Coconut_crab""]",40670,45206
Batman_Peanut_0,Batman,Peanut,Hard,"[""Batman"", ""DC Comics"", ""Comic Book"", ""Book"", ""Publishing"", ""Business"", ""Agriculture"", ""Crop"", ""Legume"", ""Peanut""]",299,1471,"[""Batman"", ""Crime"", ""Law"", ""International_law"", ""United_Nations"", ""Food"", ""Peanut""]",3678,3902,"[""Batman"", ""Superman""]",15812,7746,,0,0
Cat_University_0,Cat,University,Hard,"[""Cat"", ""Zoology"", ""Biology"", ""Science"", ""Science education"", ""Education"", ""Higher education"", ""University""]",298,366,"[""Cat"", ""Animal"", ""Aristotle"", ""Education"", ""University""]",2090,2930,"[""Cat"", ""Cyprus"", ""United_States"", ""Education"", ""University""]",7920,2624,"[""Cat"", ""Mammal"", ""Whale"", ""Science"", ""University""]",13065,10896
God_Apple_0,God,Apple,Hard,"[""God"", ""Abrahamic religions"", ""Christianity"", ""Bible"", ""Genesis (Bible)"", ""Garden of Eden"", ""Apple""]",298,1957,"[""God"", ""United_States""]",6572,5422,"[""God"", ""United_States"", ""Electronics""]",14006,4815,"[""God"", ""Nature"", ""Plant"", ""Fruit"", ""Apple""]",18989,13673
Canada_Pony_0,Canada,Pony,Hard,"[""Canada"", ""Horse"", ""Pony""]",299,142,"[""Canada"", ""English_language"", ""Great_Britain""]",7215,5980,,0,0,,0,0
AIDS_Tour_de_France_0,AIDS,Tour_de_France,Hard,"[""AIDS"", ""Human immunodeficiency virus"", ""Medicine"", ""Sports medicine"", ""Cycling"", ""Tour de France""]",302,1849,"[""AIDS"", ""France"", ""Lyon"", ""Paris"", ""Tour_de_France""]",2725,1571,,0,0,"[""AIDS"", ""France"", ""Marseille"", ""Paris"", ""Tour_de_France""]",8419,7855
Cereal_Kurt_Cobain_0,Cereal,Kurt_Cobain,Hard,"[""Cereal"", ""Breakfast"", ""Breakfast foods"", ""American cuisine"", ""United States"", ""American music"", ""Alternative rock"", ""Grunge"", ""Nirvana (band)"", ""Kurt Cobain""]",303,1949,"[""Cereal"", ""United_States"", ""Seattle,_Washington"", ""Nirvana_(band)"", ""Kurt_Cobain""]",3615,1487,"[""Cereal"", ""United_States"", ""Music_of_the_United_States"", ""Nirvana_(band)"", ""Kurt_Cobain""]",7739,2645,"[""Cereal"", ""United_States"", ""Seattle,_Washington"", ""Nirvana_(band)"", ""Kurt_Cobain""]",12003,7724
Christianity_Natalie_Portman_0,Christianity,Natalie_Portman,Hard,"[""Christianity"", ""United States"", ""Hollywood"", ""Film"", ""Black Swan"", ""Natalie_Portman""]",302,1219,"[""Christianity"", ""Judaism""]",4542,3158,"[""Christianity"", ""A_cappella"", ""Renaissance_music""]",15894,8805,,0,0
Colombia_Menthol_0,Colombia,Menthol,Hard,"[""Colombia"", ""Flora of Colombia"", ""Lamiaceae"", ""Mentha"", ""Menthol""]",300,1521,"[""Colombia"", ""South_America"", ""Brazil""]",6702,8678,"[""Colombia"", ""Spanish_language"", ""United_Kingdom"", ""GlaxoSmithKline"", ""Vitamin_C""]",17353,9621,,0,0
Napoleonic_Wars_Superman_0,Napoleonic_Wars,Superman,Hard,,0,0,,0,0,"[""Napoleonic_Wars"", ""United_States""]",11472,5938,"[""Napoleonic_Wars"", ""United_States"", ""Television"", ""Film"", ""Animation"", ""Motion_(physics)"", ""Physics"", ""Superman""]",51275,53045
Batman_Wikisource_0,Batman,Wikisource,Hard,"[""Batman"", ""Batman (film)"", ""Wikimedia Foundation"", ""Wikisource""]",300,1808,"[""Batman"", ""Superman""]",3583,4330,"[""Batman"", ""Superman""]",14233,6263,,0,0
Christianity_Coconut_crab_0,Christianity,Coconut_crab,Hard,"[""Christianity"", ""Religion"", ""Science"", ""Biology"", ""Animal"", ""Crab"", ""Coconut_crab""]",302,762,"[""Christianity"", ""Philippines"", ""Indonesia"", ""India"", ""Indian_Ocean"", ""Maldives"", ""Fishing"", ""Crustacean"", ""Arthropod"", ""Coconut_crab""]",5382,5569,,0,0,,0,0
David_Beckham_Frog_0,David_Beckham,Frog,Hard,,0,0,"[""David_Beckham"", ""England"", ""United_Kingdom""]",7745,7546,"[""David_Beckham"", ""Pel\u00e9"", ""Nazism"", ""Animal_rights"", ""Gorilla"", ""Otter"", ""Frog""]",8694,4807,"[""David_Beckham"", ""Football_(soccer)"", ""FIFA"", ""Europe"", ""Carnivore"", ""Frog""]",20869,25559
Geometry_Volleyball_0,Geometry,Volleyball,Hard,"[""Geometry"", ""Mathematics"", ""Game theory"", ""Game"", ""Sports"", ""Volleyball""]",299,1406,"[""Geometry"", ""Physics"", ""Motion_(physics)""]",5736,5922,"[""Geometry"", ""Physics""]",11252,5012,,0,0
Brain_Telephone_1,Brain,Telephone,Medium,"[""Brain"", ""Psychology"", ""Communication"", ""Telephone""]",298,575,"[""Brain"", ""Computer_science"", ""Information"", ""Communication""]",2433,1946,"[""Brain"", ""Chordate"", ""Animal"", ""Vertebrate"", ""Human"", ""Communication"", ""Telephone""]",8445,2991,"[""Brain"", ""Mind"", ""Psychology"", ""19th_century"", ""Telephone""]",11253,8989
Theatre_Zebra_1,Theatre,Zebra,Medium,,0,0,"[""Theatre"", ""Brazil"", ""Africa"", ""Zebra""]",2581,2044,"[""Theatre"", ""Dance"", ""Animal"", ""Mammal"", ""Lion"", ""Zebra""]",7723,3199,"[""Theatre"", ""Drama"", ""Television"", ""Telecommunication"", ""Africa"", ""Lion"", ""Zebra""]",53990,56431
Asteroid_Viking_1,Asteroid,Viking,Medium,"[""Asteroid"", ""Space probe"", ""Viking (spacecraft)""]",300,843,"[""Asteroid"", ""Mars""]",6611,6805,,0,0,,0,0
Batman_Wood_1,Batman,Wood,Medium,,0,0,"[""Batman"", ""Crime"", ""Industry"", ""Manufacturing"", ""Engineering"", ""Technology"", ""Wood""]",2752,3022,"[""Batman"", ""Earthquake"", ""Earth"", ""Soil"", ""Forest"", ""Tree"", ""Wood""]",8358,3662,,0,0
Beer_Sun_1,Beer,Sun,Medium,"[""Beer"", ""Brewing"", ""Fermentation"", ""Microbiology"", ""Biology"", ""Biochemistry"", ""Chemistry"", ""Physics"", ""Astrophysics"", ""Sun""]",298,842,"[""Beer"", ""Carbon_dioxide"", ""Photosynthesis"", ""Photon"", ""Light"", ""Sun""]",2852,3214,"[""Beer"", ""Sugar"", ""Honey"", ""Gold"", ""Iron"", ""Star"", ""Sun""]",10117,4620,"[""Beer"", ""Water"", ""Sun""]",3271,2621
Batman_Banana_1,Batman,Banana,Medium,,0,0,"[""Batman"", ""Superman"", ""Film""]",6812,6465,,0,0,"[""Batman"", ""Superman"", ""Film"", ""Color"", ""Fruit"", ""Banana""]",21297,18343
Cat_Computer_1,Cat,Computer,Medium,"[""Cat"", ""Felis catus"", ""Mammal"", ""Animal"", ""Biology"", ""Science"", ""Computer science"", ""Computer""]",298,740,"[""Cat"", ""Scientific_classification"", ""Human"", ""Technology"", ""Computer_science"", ""Charles_Babbage"", ""Computer""]",3387,3693,"[""Cat"", ""Sound""]",13300,4425,"[""Cat"", ""Mammal"", ""Human"", ""Technology"", ""Computer""]",8867,7518
Cat_Microsoft_1,Cat,Microsoft,Medium,,0,0,"[""Cat"", ""Animal"", ""Scientific_classification"", ""Apple"", ""United_States"", ""Computer"", ""Microsoft_Windows"", ""Microsoft""]",5128,5559,"[""Cat"", ""Sound"", ""Music"", ""Language"", ""Computer_science"", ""Internet"", ""Microsoft""]",8267,2545,"[""Cat"", ""Evolution"", ""Computer"", ""Microsoft_Windows"", ""Microsoft""]",17568,11423
Dog_Telephone_1,Dog,Telephone,Medium,"[""Dog"", ""Domestic dog"", ""Human"", ""Science and technology"", ""Telecommunications"", ""Telephone""]",298,679,"[""Dog"", ""English_language"", ""United_States"", ""Electronics"", ""Telephone""]",3914,1910,"[""Dog"", ""DNA"", ""Information"", ""Communication"", ""Telephone""]",5827,1995,"[""Dog"", ""Mammal"", ""20th_century"", ""Telephone""]",8445,6849
Dog_Venus_1,Dog,Venus,Medium,"[""Dog"", ""Domestic dog"", ""Canis lupus familiaris"", ""Canis"", ""Animal"", ""Life"", ""Astrobiology"", ""Venus""]",299,948,"[""Dog"", ""Mammal"", ""Vertebrate"", ""Animal"", ""Sunlight"", ""Sun"", ""Solar_System"", ""Venus""]",3882,4161,"[""Dog"", ""Fossil""]",14689,7126,"[""Dog"", ""Animal"", ""Carbon_dioxide"", ""Greenhouse_effect"", ""Venus""]",13377,12053
Aluminium_chloride_Parrot_1,Aluminium_chloride,Parrot,Medium,,0,0,"[""Aluminium_chloride"", ""Chlorine"", ""Color"", ""Bird"", ""Parrot""]",2100,3427,,0,0,"[""Aluminium_chloride"", ""Recycling"", ""Environmental_science"", ""Ecology"", ""Biodiversity"", ""Bird"", ""Parrot""]",45256,43077
Batman_Bible_1,Batman,Bible,Medium,"[""Batman"", ""DC Comics"", ""Comic book"", ""Graphic novel"", ""Fantasy"", ""Mythology"", ""Religion"", ""Bible""]",298,1886,"[""Batman"", ""Crime"", ""Religion"", ""Bible""]",1480,1037,"[""Batman"", ""Chemistry"", ""Science"", ""Middle_Ages"", ""Christianity"", ""Bible""]",7485,2014,"[""Batman"", ""Crime"", ""Religion"", ""Bible""]",5635,3741
England_God_1,England,God,Medium,"[""England"", ""Christianity"", ""Bible"", ""God""]",298,316,"[""England"", ""Christianity"", ""Bible"", ""God""]",2415,1508,"[""England"", ""Christianity"", ""Jesus"", ""God""]",5775,921,"[""England"", ""Anglicanism"", ""God""]",4445,2655
Art_Mango_1,Art,Mango,Medium,"[""Art"", ""Culinary art"", ""Food"", ""Fruit"", ""Mango""]",299,1146,"[""Art"", ""Painting"", ""India"", ""Mango""]",2179,2374,"[""Art"", ""Sultan"", ""Sumatra"", ""Palm_oil"", ""Indonesia"", ""India"", ""Mango""]",9594,3929,"[""Art"", ""Color"", ""Fruit"", ""Mango""]",4466,6018
14th_century_Rainbow_1,14th_century,Rainbow,Medium,"[""14th_century"", ""14th_century_in_science"", ""Astronomy"", ""Optics"", ""Color"", ""Rainbow""]",301,935,"[""14th_century"", ""Renaissance"", ""Music"", ""Physics"", ""Light"", ""Rainbow""]",3229,2531,"[""14th_century"", ""Abacus"", ""Latin"", ""Science"", ""Quantum_mechanics"", ""Wave"", ""Ultraviolet"", ""Color"", ""Rainbow""]",11409,5097,"[""14th_century"", ""Renaissance"", ""Art"", ""Color"", ""Rainbow""]",11973,8161
Electricity_God_1,Electricity,God,Medium,"[""Electricity"", ""Electrical energy"", ""Energy"", ""Physics"", ""Philosophy"", ""Religion"", ""God""]",299,780,"[""Electricity"", ""Mesopotamia"", ""God""]",1203,1281,"[""Electricity"", ""Physics"", ""Sun""]",12325,4440,"[""Electricity"", ""Physics"", ""Philosophy"", ""Religion"", ""God""]",15050,10255
Archbishop_of_Canterbury_Vietnam_1,Archbishop_of_Canterbury,Vietnam,Medium,"[""Archbishop_of_Canterbury"", ""Canterbury"", ""England"", ""Europe"", ""Asia"", ""Southeast Asia"", ""Vietnam""]",303,1271,"[""Archbishop_of_Canterbury"", ""Anglican_Communion"", ""British_Empire"", ""United_Kingdom"", ""France"", ""China"", ""Vietnam""]",5038,2519,"[""Archbishop_of_Canterbury"", ""Rome"", ""France"", ""China"", ""Vietnam""]",7109,2636,"[""Archbishop_of_Canterbury"", ""Roman_Catholic_Church"", ""Asia"", ""Vietnam""]",5988,4993
Batman_Vitamin_D_1,Batman,Vitamin_D,Medium,"[""Batman"", ""Comic book character"", ""Superhero"", ""Superpower"", ""Energy"", ""Solar energy"", ""Sun"", ""Sunlight"", ""Vitamin_D""]",299,1808,"[""Batman"", ""Chemistry"", ""Biology""]",4221,3130,"[""Batman"", ""Chemistry"", ""Medicine"", ""Health"", ""Nutrition"", ""Vitamin_D""]",6770,2764,"[""Batman"", ""Superman"", ""Sun"", ""Sunlight"", ""Vitamin_D""]",13256,11402
China_Moon_1,China,Moon,Medium,"[""China"", ""Chinese space program"", ""Lunar exploration (China)"", ""Chang'e 4"", ""Moon""]",298,724,"[""China"", ""Beijing"", ""Great_Wall_of_China"", ""Neil_Armstrong"", ""Moon""]",2696,2562,"[""China"", ""Pacific_Ocean"", ""Earth"", ""Planet"", ""Moon""]",7293,1381,"[""China"", ""Shanghai"", ""Solar_eclipse"", ""Lunar_eclipse"", ""Moon""]",9080,7396
Achilles_tendon_Ivory_1,Achilles_tendon,Ivory,Medium,"[""Achilles_tendon"", ""Calcaneus"", ""Heel"", ""Foot"", ""Ankle"", ""Tibia"", ""Bone"", ""Tusks"", ""Elephant"", ""Ivory""]",302,1767,,0,0,"[""Achilles_tendon"", ""Achilles""]",12985,4302,"[""Achilles_tendon"", ""Latin"", ""Latin_alphabet"", ""Roman_Empire"", ""Sculpture"", ""Ancient_Greece"", ""Jewellery"", ""Ivory""]",55736,60050
Pyramid_Bean_1,Pyramid,Bean,Hard,,0,0,"[""Pyramid"", ""Mexico"", ""Agriculture"", ""Vegetable"", ""Bean""]",2205,2853,"[""Pyramid"", ""Great_Pyramid_of_Giza"", ""Agriculture"", ""Soybean"", ""Seed"", ""Pea"", ""Bean""]",8892,5033,,0,0
Aircraft_Google_1,Aircraft,Google,Hard,"[""Aircraft"", ""Aeronautical engineering"", ""Engineering"", ""Technology"", ""Internet"", ""Search engine"", ""Google""]",298,1779,"[""Aircraft"", ""United_Kingdom"", ""Computer"", ""Internet"", ""World_Wide_Web"", ""Google""]",3310,2248,"[""Aircraft"", ""United_Kingdom"", ""Television"", ""Internet"", ""Information"", ""Computer_science"", ""Computer_programming"", ""Microsoft"", ""World_Wide_Web"", ""Google""]",13368,5588,"[""Aircraft"", ""United_Kingdom"", ""Computer"", ""World_Wide_Web"", ""Google""]",14271,13443
Computer_Fruit_1,Computer,Fruit,Hard,,0,0,,0,0,"[""Computer"", ""Toy"", ""Apple"", ""Fruit""]",4916,1470,"[""Computer"", ""Computer_and_video_games"", ""Pac-Man"", ""Fruit""]",2809,4162
Batman_Penguin_1,Batman,Penguin,Hard,"[""Batman"", ""Penguin (character)""]",299,179,"[""Batman"", ""Crime"", ""Culture"", ""Nature"", ""Animal"", ""Bird"", ""Penguin""]",3309,3086,"[""Batman"", ""Crime"", ""Police"", ""Hong_Kong"", ""Asia"", ""Earth"", ""Antarctica"", ""Penguin""]",11507,3835,"[""Batman"", ""Crime"", ""United_States"", ""Antarctica"", ""Penguin""]",12101,9518
Calculus_Lemon_1,Calculus,Lemon,Hard,,0,0,"[""Calculus"", ""Mathematics"", ""Economics"", ""United_States"", ""Agriculture"", ""Fruit"", ""Citrus"", ""Lemon""]",5302,4502,"[""Calculus"", ""Business"", ""Money"", ""Water"", ""Color"", ""Fruit"", ""Citrus"", ""Lemon""]",11103,6493,"[""Calculus"", ""Biology"", ""Plant"", ""Fruit"", ""Citrus"", ""Lemon""]",18234,17218
George_W._Bush_Monkey_1,George_W._Bush,Monkey,Hard,"[""George_W._Bush"", ""George_H._W._Bush"", ""United_States"", ""Wildlife_of_the_United_States"", ""Mammals_of_the_United_States"", ""Primates"", ""Monkey""]",301,1933,"[""George_W._Bush"", ""United_States""]",3710,2578,"[""George_W._Bush"", ""Panama"", ""Uruguay"", ""Brazil"", ""Rainforest"", ""Monkey""]",8351,4949,,0,0
Batman_Coconut_crab_1,Batman,Coconut_crab,Hard,"[""Batman"", ""Bat"", ""Chiroptera"", ""Mammal"", ""Animal"", ""Crustacean"", ""Crab"", ""Coconut_crab""]",301,1117,"[""Batman"", ""Chemistry"", ""Organism"", ""Arthropod""]",6702,6573,"[""Batman"", ""Spring_Heeled_Jack""]",16461,6958,"[""Batman"", ""Superman"", ""Earth"", ""Ocean"", ""Crustacean"", ""Arthropod"", ""Coconut_crab""]",42182,47258
Batman_Peanut_1,Batman,Peanut,Hard,,0,0,"[""Batman"", ""Chemistry"", ""Biology"", ""Cell_(biology)"", ""Organism"", ""Plant"", ""Agriculture"", ""Pea"", ""Vegetable"", ""Bean"", ""Peanut""]",5284,5690,"[""Batman"", ""Superman"", ""Seinfeld"", ""Television"", ""Sound"", ""Bat"", ""Seed"", ""Peanut""]",8361,4169,"[""Batman"", ""Chemistry"", ""Biology"", ""Plant"", ""Seed"", ""Peanut""]",21233,19534
Cat_University_1,Cat,University,Hard,,0,0,"[""Cat"", ""Animal"", ""Human"", ""Science"", ""University""]",2531,1934,"[""Cat"", ""Dog"", ""Africa"", ""Nigeria"", ""India"", ""United_States"", ""Education_in_the_United_States"", ""University""]",14124,4519,"[""Cat"", ""Evolution"", ""Science"", ""University""]",7293,5860
God_Apple_1,God,Apple,Hard,,0,0,"[""God"", ""United_States"", ""Computer"", ""Internet"", ""Cloud"", ""Color"", ""Fruit"", ""Apple""]",5033,4136,"[""God"", ""United_States""]",15562,6052,"[""God"", ""Bible"", ""Hebrew_language"", ""English_language"", ""United_States"", ""Agriculture"", ""Fruit"", ""Apple""]",69072,68378
Canada_Pony_1,Canada,Pony,Hard,"[""Canada"", ""Horse"", ""Pony""]",299,306,"[""Canada"", ""French_language""]",8388,10384,"[""Canada"", ""Beaver""]",12942,5041,,0,0
AIDS_Tour_de_France_1,AIDS,Tour_de_France,Hard,"[""AIDS"", ""Human immunodeficiency virus"", ""Human"", ""Human society"", ""Sports"", ""Cycling"", ""Tour de France""]",302,1600,"[""AIDS"", ""France"", ""Paris"", ""Tour_de_France""]",2224,1513,"[""AIDS"", ""France"", ""Paris""]",6497,1573,"[""AIDS"", ""France"", ""Paris"", ""Tour_de_France""]",5581,3414
Cereal_Kurt_Cobain_1,Cereal,Kurt_Cobain,Hard,,0,0,"[""Cereal"", ""United_States"", ""Seattle,_Washington"", ""Nirvana_(band)"", ""Kurt_Cobain""]",3615,1821,"[""Cereal"", ""North_America"", ""United_Kingdom"", ""Iron_Maiden"", ""United_States"", ""Music_of_the_United_States"", ""Nirvana_(band)"", ""Kurt_Cobain""]",13094,5215,,0,0
Christianity_Natalie_Portman_1,Christianity,Natalie_Portman,Hard,"[""Christianity"", ""Religion"", ""Culture"", ""Performing arts"", ""Acting (performing arts)"", ""Award"", ""Academy Awards"", ""Academy Award for Best Actress"", ""Natalie Portman""]",302,1974,"[""Christianity"", ""Jesus""]",5768,4812,"[""Christianity"", ""A_cappella"", ""Renaissance_music""]",13404,7569,"[""Christianity"", ""Middle_East"", ""Israel"", ""Jerusalem"", ""Natalie_Portman""]",21912,16613
Colombia_Menthol_1,Colombia,Menthol,Hard,"[""Colombia"", ""Biodiversity"", ""Biology"", ""Organic chemistry"", ""Monoterpenes"", ""Menthol""]",300,1294,"[""Colombia"", ""United_States""]",7329,6251,,0,0,,0,0
Napoleonic_Wars_Superman_1,Napoleonic_Wars,Superman,Hard,,0,0,"[""Napoleonic_Wars"", ""United_States""]",6382,9488,"[""Napoleonic_Wars"", ""United_States""]",19144,8613,,0,0
Batman_Wikisource_1,Batman,Wikisource,Hard,,0,0,"[""Batman"", ""Superman"", ""World_War_II""]",6514,7236,"[""Batman"", ""Crime"", ""Utilitarianism""]",14581,5881,,0,0
Christianity_Coconut_crab_1,Christianity,Coconut_crab,Hard,,0,0,"[""Christianity"", ""Philippines""]",6499,5511,"[""Christianity"", ""Philippines""]",13767,8317,"[""Christianity"", ""Oceania"", ""Christmas_Island"", ""Coconut_crab""]",5054,5188
David_Beckham_Frog_1,David_Beckham,Frog,Hard,,0,0,,0,0,"[""David_Beckham"", ""France"", ""River"", ""Fresh_water"", ""Fish"", ""Dolphin"", ""Animal"", ""Australian_Green_Tree_Frog"", ""Tree_frog"", ""Frog""]",13058,5019,,0,0
Geometry_Volleyball_1,Geometry,Volleyball,Hard,,0,0,"[""Geometry"", ""Mathematics"", ""Motion_(physics)""]",3904,3162,"[""Geometry"", ""Physics"", ""Engineering"", ""Medicine"", ""Health"", ""Triathlon"", ""Olympic_Games"", ""Football"", ""Volleyball""]",11775,4452,"[""Geometry"", ""Mathematics"", ""Statistics"", ""Education"", ""University"", ""Greece"", ""Olympic_Games"", ""Volleyball""]",53321,38900
Brain_Telephone_2,Brain,Telephone,Medium,"[""Brain"", ""Brain function"", ""Information processing"", ""Communication"", ""Telephone""]",298,1149,"[""Brain"", ""Action_potential"", ""Capacitance"", ""Maxwell's_equations"", ""Electromagnetic_radiation"", ""Electricity"", ""Alexander_Graham_Bell"", ""Telephone""]",3540,2970,"[""Brain"", ""Chordate"", ""Bird"", ""Human"", ""Communication"", ""Telephone""]",7429,2119,"[""Brain"", ""Mind"", ""History_of_science"", ""Telecommunication"", ""Telephone""]",10296,6450
Theatre_Zebra_2,Theatre,Zebra,Medium,"[""Theatre"", ""Museum"", ""Zoo"", ""Animal"", ""Mammal"", ""Equidae"", ""Equus"", ""Zebra""]",300,1199,"[""Theatre"", ""Music"", ""Art"", ""Painting"", ""Color"", ""Aristotle"", ""Biology"", ""Animal"", ""Mammal"", ""Zebra""]",4993,6430,"[""Theatre"", ""Paris"", ""Garden"", ""Bird"", ""Animal"", ""Mammal"", ""Zebra""]",9727,3072,,0,0
Asteroid_Viking_2,Asteroid,Viking,Medium,"[""Asteroid"", ""Spacecraft"", ""NASA"", ""Mars"", ""Viking (rocket)""]",300,1617,"[""Asteroid"", ""Mars""]",5076,5556,,0,0,"[""Asteroid"", ""Mars"", ""Mars_Exploration_Rover"", ""Geology"", ""Plate_tectonics"", ""Iceland"", ""Viking""]",23517,25909
Batman_Wood_2,Batman,Wood,Medium,,0,0,,0,0,"[""Batman"", ""Chemistry"", ""Carbon"", ""Earth"", ""Soil"", ""Forest"", ""Tree"", ""Wood""]",10143,3186,"[""Batman"", ""Chemistry"", ""Biology"", ""Plant"", ""Wood""]",9852,9281
Beer_Sun_2,Beer,Sun,Medium,,0,0,"[""Beer"", ""Ethanol"", ""Oxygen"", ""Earth's_atmosphere"", ""Ultraviolet"", ""Sun""]",2696,3242,"[""Beer"", ""Water"", ""Sun""]",3630,942,"[""Beer"", ""Ethanol"", ""Hydrogen"", ""Sun""]",4421,3982
Batman_Banana_2,Batman,Banana,Medium,"[""Batman"", ""Bruce Wayne"", ""Wayne Enterprises"", ""New York City"", ""United States"", ""Agriculture"", ""Fruits"", ""Banana""]",299,1769,"[""Batman"", ""Chemistry"", ""Water"", ""Agriculture"", ""Fruit"", ""Banana""]",3061,2342,"[""Batman"", ""Spring_Heeled_Jack""]",14597,5897,"[""Batman"", ""Chemistry"", ""Biology"", ""Botany"", ""Fruit"", ""Banana""]",17044,15033
Cat_Computer_2,Cat,Computer,Medium,"[""Cat"", ""Felis catus"", ""Felis"", ""Felidae"", ""Panthera tigris"", ""Tiger (Mac\u202fOS)"", ""Mac OS"", ""Apple Computer"", ""Computer""]",298,1663,"[""Cat"", ""Animal"", ""Human"", ""Technology"", ""Computer""]",2487,2609,"[""Cat"", ""Sound"", ""Matter"", ""Science"", ""World_Wide_Web"", ""Internet"", ""Linux"", ""Unix"", ""Microsoft"", ""Computer""]",11662,3755,"[""Cat"", ""Color"", ""Physics"", ""Computer""]",5210,4843
Cat_Microsoft_2,Cat,Microsoft,Medium,,0,0,"[""Cat"", ""Mammal"", ""20th_century"", ""Computer"", ""Microsoft_Windows"", ""Microsoft""]",2858,2833,"[""Cat"", ""Color"", ""Fruit"", ""Wine"", ""Apple"", ""Europe"", ""Germany"", ""Internet"", ""Microsoft""]",14072,5247,"[""Cat"", ""Mammal"", ""20th_century"", ""Computer"", ""Internet"", ""Microsoft""]",28901,21052
Dog_Telephone_2,Dog,Telephone,Medium,"[""Dog"", ""Animal"", ""Animal husbandry"", ""Production farming"", ""Agriculture"", ""Crop"", ""Plant"", ""Biology"", ""Science"", ""Technology"", ""Telecommunications"", ""Telephone""]",298,1183,"[""Dog"", ""English_language"", ""Language"", ""Communication"", ""Telephone""]",2421,2237,"[""Dog"", ""DNA"", ""Plant""]",17355,7350,"[""Dog"", ""English_language"", ""United_Kingdom"", ""Computer"", ""Telephone""]",11851,9565
Dog_Venus_2,Dog,Venus,Medium,"[""Dog"", ""Domestic dog"", ""Canine"", ""Mammal"", ""Vertebrate"", ""Animal"", ""Life"", ""Biology"", ""Science"", ""Astronomy"", ""Solar System"", ""Venus""]",299,700,"[""Dog"", ""Animal"", ""Organism"", ""Carbon"", ""Earth"", ""Solar_System"", ""Planet"", ""Venus""]",4430,4643,"[""Dog"", ""Bonobo"", ""Insect"", ""Amber"", ""Aristotle"", ""Astronomy"", ""Planet"", ""Solar_System"", ""Venus""]",12954,5386,"[""Dog"", ""Animal"", ""Carbon_dioxide"", ""Greenhouse_effect"", ""Venus""]",15112,17377
Aluminium_chloride_Parrot_2,Aluminium_chloride,Parrot,Medium,,0,0,"[""Aluminium_chloride"", ""Chlorine"", ""Water"", ""Fresh_water"", ""Earth"", ""Animal"", ""Bird"", ""Parrot""]",4405,5279,"[""Aluminium_chloride"", ""Aluminium"", ""Australia""]",15155,6318,"[""Aluminium_chloride"", ""Salt"", ""Color"", ""Bird"", ""Parrot""]",11911,14489
Batman_Bible_2,Batman,Bible,Medium,"[""Batman"", ""DC Comics"", ""Comics"", ""Comic books"", ""Art"", ""Culture"", ""Religion"", ""Bible""]",298,388,"[""Batman"", ""Earthquake"", ""United_Kingdom"", ""Church_of_England"", ""Anglicanism"", ""Christianity"", ""Jesus"", ""Bible""]",4822,2421,"[""Batman"", ""Crime"", ""Religion"", ""Bible""]",3932,882,"[""Batman"", ""Crime"", ""Religion"", ""Bible""]",3999,2469
England_God_2,England,God,Medium,"[""England"", ""Church of England"", ""Christianity"", ""God""]",298,320,"[""England"", ""Christianity"", ""Bible"", ""God""]",2415,1766,"[""England"", ""Christianity"", ""Jesus"", ""God""]",5775,1654,"[""England"", ""Hinduism"", ""God""]",3639,1460
Art_Mango_2,Art,Mango,Medium,"[""Art"", ""Still life"", ""Fruit"", ""Mango""]",299,570,"[""Art"", ""Painting"", ""Color"", ""Fruit"", ""Mango""]",2380,2695,"[""Art"", ""Sultan"", ""Malwa_(Madhya_Pradesh)"", ""Peanut"", ""Cultivar"", ""Plant"", ""Fruit"", ""Mango""]",10396,3897,"[""Art"", ""Australia"", ""Asia"", ""India"", ""Mango""]",10490,10115
14th_century_Rainbow_2,14th_century,Rainbow,Medium,"[""14th_century"", ""Medieval_Europe"", ""Science_and_technology_in_medieval_Europe"", ""Alchemy"", ""Chemistry"", ""Physics"", ""Light"", ""Spectrum"", ""Rainbow""]",301,1965,"[""14th_century"", ""Renaissance""]",4040,3889,"[""14th_century"", ""Abacus"", ""Japan"", ""United_States"", ""United_Kingdom"", ""Lion"", ""Elephant"", ""Eye"", ""Color"", ""Rainbow""]",16120,7401,"[""14th_century"", ""Renaissance"", ""Art"", ""Color"", ""Rainbow""]",7896,5881
Electricity_God_2,Electricity,God,Medium,"[""Electricity"", ""Electrical engineering"", ""Engineering"", ""Technology"", ""Science"", ""Religion"", ""God""]",299,872,"[""Electricity"", ""Physics"", ""Universe"", ""History"", ""Society"", ""Culture"", ""Religion"", ""God""]",4079,2567,"[""Electricity"", ""Heat"", ""Matter"", ""Science"", ""Philosophy"", ""Religion"", ""God""]",9639,2213,"[""Electricity"", ""Physics"", ""Philosophy"", ""Religion"", ""God""]",9806,7481
Archbishop_of_Canterbury_Vietnam_2,Archbishop_of_Canterbury,Vietnam,Medium,"[""Archbishop_of_Canterbury"", ""Church_of_England"", ""Anglican_Communion"", ""Anglican_Church_of_Vietnam"", ""Vietnam""]",303,685,"[""Archbishop_of_Canterbury"", ""Roman_Catholic_Church"", ""Asia"", ""Vietnam""]",2221,1247,"[""Archbishop_of_Canterbury"", ""England"", ""France"", ""China"", ""Laos"", ""Vietnam""]",9250,2045,"[""Archbishop_of_Canterbury"", ""Roman_Catholic_Church"", ""Asia"", ""Vietnam""]",8000,6787
Batman_Vitamin_D_2,Batman,Vitamin_D,Medium,,0,0,"[""Batman"", ""Chemistry"", ""Medicine"", ""Health"", ""Nutrition"", ""Vitamin_D""]",2557,1732,"[""Batman"", ""Chemistry""]",13840,4558,"[""Batman"", ""Superman"", ""Sun"", ""Sunlight"", ""Vitamin_D""]",8805,8161
China_Moon_2,China,Moon,Medium,"[""China"", ""Chinese space program"", ""Lunar exploration"", ""Moon""]",298,655,"[""China"", ""United_States"", ""Apollo_11"", ""Moon""]",3266,1999,"[""China"", ""United_States"", ""Neil_Armstrong"", ""Apollo_11"", ""Moon""]",8015,1862,"[""China"", ""United_States"", ""Apollo_11"", ""Moon""]",5669,2959
Achilles_tendon_Ivory_2,Achilles_tendon,Ivory,Medium,,0,0,"[""Achilles_tendon"", ""Latin"", ""Roman_Empire"", ""Africa""]",4449,4153,"[""Achilles_tendon"", ""Achilles"", ""Ethiopia""]",11424,3679,,0,0
Pyramid_Bean_2,Pyramid,Bean,Hard,"[""Pyramid"", ""Egyptian pyramids"", ""Egypt"", ""Agriculture in Egypt"", ""Legumes"", ""Bean""]",299,1957,"[""Pyramid"", ""Mexico"", ""Aztec"", ""Cocoa"", ""Seed"", ""Bean""]",2588,5235,"[""Pyramid"", ""United_States"", ""Agriculture"", ""Soybean"", ""Peanut"", ""Seed"", ""Bean""]",10820,3677,,0,0
Aircraft_Google_2,Aircraft,Google,Hard,"[""Aircraft"", ""Aviation"", ""Technology"", ""Internet"", ""Google""]",298,524,"[""Aircraft"", ""Jet_engine"", ""Wright_brothers"", ""Washington,_D.C."", ""United_States"", ""Internet"", ""World_Wide_Web"", ""Google""]",5016,4268,"[""Aircraft"", ""Russia""]",11399,3420,"[""Aircraft"", ""Airbus_A380"", ""United_States_dollar"", ""United_States"", ""Advertising"", ""Google""]",25749,22323
Computer_Fruit_2,Computer,Fruit,Hard,"[""Computer"", ""Apple Inc."", ""Apple (fruit)"", ""Fruit""]",298,565,"[""Computer"", ""Electronics"", ""Color"", ""Fruit""]",1428,1961,"[""Computer"", ""Automobile"", ""Oxygen"", ""Plant"", ""Fruit""]",6433,1971,"[""Computer"", ""Internet"", ""Advertising"", ""United_States"", ""Agriculture"", ""Fruit""]",17232,18135
Batman_Penguin_2,Batman,Penguin,Hard,"[""Batman"", ""Penguin (character)""]",299,1357,"[""Batman"", ""Crime"", ""United_States"", ""Antarctica"", ""Penguin""]",3536,2496,"[""Batman"", ""Crime""]",10982,3646,"[""Batman"", ""Superman"", ""United_States"", ""Antarctica"", ""Penguin""]",13225,11679
Calculus_Lemon_2,Calculus,Lemon,Hard,"[""Calculus"", ""Science"", ""Chemistry"", ""Biochemistry"", ""Biology"", ""Botany"", ""Fruit"", ""Citrus"", ""Lemon""]",300,1647,"[""Calculus"", ""Biology"", ""Plant"", ""Fruit"", ""Citrus"", ""Lemon""]",2788,1703,"[""Calculus"", ""Business"", ""Corporation"", ""Ancient_Rome"", ""Silver"", ""Color"", ""Fruit"", ""Citrus"", ""Lemon""]",12629,3955,"[""Calculus"", ""Biology"", ""Botany"", ""Fruit"", ""Citrus"", ""Lemon""]",16980,15537
George_W._Bush_Monkey_2,George_W._Bush,Monkey,Hard,"[""George_W._Bush"", ""Bush_family"", ""George_H._W._Bush"", ""United_States"", ""Science_and_technology_in_the_United_States"", ""Biology"", ""Animals"", ""Mammals"", ""Primates"", ""Monkey""]",301,1988,"[""George_W._Bush"", ""United States""]",819,681,"[""George_W._Bush"", ""United_States"", ""Guinea""]",17443,5030,"[""George_W._Bush"", ""United States""]",819,738
Batman_Coconut_crab_2,Batman,Coconut_crab,Hard,"[""Batman"", ""Bat"", ""Bat (animal)"", ""Animal"", ""Crustacean"", ""Crab"", ""Coconut_crab""]",301,1243,"[""Batman"", ""Superman"", ""United_States""]",6838,4393,"[""Batman"", ""Spring_Heeled_Jack"", ""Nature"", ""Animal"", ""Spider"", ""Invertebrate"", ""Arthropod"", ""Coconut_crab""]",9030,4706,"[""Batman"", ""Crime"", ""Family"", ""Anthropology"", ""Evolution"", ""Arthropod"", ""Coconut_crab""]",45831,44036
Batman_Peanut_2,Batman,Peanut,Hard,,0,0,,0,0,"[""Batman"", ""Superman"", ""Seinfeld"", ""Television"", ""Sound"", ""Bat"", ""Seed"", ""Peanut""]",8361,3766,,0,0
Cat_University_2,Cat,University,Hard,,0,0,"[""Cat"", ""Mammal"", ""Human"", ""Anthropology"", ""Humanities"", ""History"", ""University_of_Cambridge"", ""University""]",4372,3535,"[""Cat"", ""Dog""]",18016,6848,"[""Cat"", ""Evolution"", ""Science"", ""University""]",7403,5596
God_Apple_2,God,Apple,Hard,"[""God"", ""Religion"", ""Christianity"", ""Bible"", ""Genesis (book)"", ""Creation of Adam"", ""Garden of Eden"", ""Tree of the knowledge of good and evil"", ""Apple (fruit)""]",298,1146,"[""God"", ""Christianity"", ""Religion"", ""Isaac_Newton"", ""Gravitation"", ""Motion_(physics)"", ""Physics"", ""Biology"", ""Botany"", ""Fruit"", ""Apple""]",5951,5184,"[""God"", ""United_States"", ""Electronics""]",12429,4212,"[""God"", ""Nature"", ""Plant"", ""Tree"", ""Apple""]",12374,10191
Canada_Pony_2,Canada,Pony,Hard,"[""Canada"", ""Horse racing"", ""Horse"", ""Pony""]",299,1036,"[""Canada"", ""United_States"", ""Agriculture"", ""Horse"", ""Pony""]",3980,3297,"[""Canada"", ""Beaver"", ""Animal"", ""Mammal"", ""Horse"", ""Pony""]",8317,2790,,0,0
AIDS_Tour_de_France_2,AIDS,Tour_de_France,Hard,"[""AIDS"", ""France"", ""Tour_de_France""]",302,1784,"[""AIDS"", ""France""]",3216,2060,"[""AIDS"", ""France"", ""French_language"", ""Paris"", ""Tour_de_France""]",7278,2938,"[""AIDS"", ""France"", ""Paris"", ""Tour_de_France""]",5372,4116
Cereal_Kurt_Cobain_2,Cereal,Kurt_Cobain,Hard,"[""Cereal"", ""Food"", ""Food culture"", ""American culture"", ""Music genres"", ""Grunge"", ""Kurt Cobain""]",303,775,"[""Cereal"", ""United States""]",530,370,,0,0,"[""Cereal"", ""United_States"", ""American_popular_music"", ""Nirvana_(band)"", ""Kurt_Cobain""]",12352,8753
Christianity_Natalie_Portman_2,Christianity,Natalie_Portman,Hard,"[""Christianity"", ""Christianity and film"", ""Film awards"", ""Academy Award"", ""Academy Award for Best Actress"", ""Black Swan"", ""Natalie Portman""]",302,1553,"[""Christianity"", ""Jesus"", ""Bible""]",4592,4951,"[""Christianity"", ""Paul_of_Tarsus""]",18006,6460,"[""Christianity"", ""Jew"", ""Israel"", ""Jerusalem"", ""Natalie_Portman""]",12230,8467
Colombia_Menthol_2,Colombia,Menthol,Hard,,0,0,,0,0,"[""Colombia"", ""Andes""]",9326,4876,,0,0
Napoleonic_Wars_Superman_2,Napoleonic_Wars,Superman,Hard,"[""Napoleonic_Wars"", ""France"", ""United_States"", ""American_comics"", ""Superman""]",303,1034,"[""Napoleonic_Wars"", ""France"", ""United_States""]",7032,7426,"[""Napoleonic_Wars"", ""France"", ""United_States""]",12258,4603,"[""Napoleonic_Wars"", ""United_States"", ""Television"", ""Sound"", ""Bat"", ""Batman"", ""Superman""]",26827,25041
Batman_Wikisource_2,Batman,Wikisource,Hard,"[""Batman"", ""DC Comics"", ""Wikimedia Commons"", ""Wikimedia Foundation"", ""Wikimedia projects"", ""Wikisource""]",300,1446,,0,0,"[""Batman"", ""Spring_Heeled_Jack"", ""Fiction"", ""Literature"", ""Publishing"", ""Wikipedia"", ""Wikimedia_Foundation"", ""Wikisource""]",8976,3958,,0,0
Christianity_Coconut_crab_2,Christianity,Coconut_crab,Hard,,0,0,"[""Christianity"", ""Oceania""]",5352,7425,"[""Christianity"", ""Philippines"", ""Puerto_Rico""]",8764,4109,"[""Christianity"", ""Middle_East"", ""Indian_Ocean"", ""Maldives"", ""Fishing"", ""Crustacean"", ""Arthropod"", ""Coconut_crab""]",57071,58143
David_Beckham_Frog_2,David_Beckham,Frog,Hard,,0,0,"[""David_Beckham"", ""Football_(soccer)"", ""Japan"", ""Culture"", ""Evolution"", ""Vertebrate"", ""Fish"", ""Chordate"", ""Animal"", ""Australian_Green_Tree_Frog"", ""Frog""]",5421,5486,"[""David_Beckham"", ""Israel""]",13903,4815,,0,0
Geometry_Volleyball_2,Geometry,Volleyball,Hard,"[""Geometry"", ""Sphere"", ""Ball"", ""Volleyball""]",299,1170,"[""Geometry"", ""Mathematics"", ""Game_theory"", ""Sociology"", ""Society"", ""History"", ""Athens"", ""Olympic_Games"", ""Volleyball""]",4676,4487,"[""Geometry"", ""Physics"", ""Force"", ""Bicycle"", ""Sport"", ""Olympic_Games"", ""Basketball"", ""Volleyball""]",10745,2986,"[""Geometry"", ""Physics"", ""Science"", ""United_States"", ""Olympic_Games"", ""Volleyball""]",22703,17303
